region,marital,gender,longmon,tollmon,equipmon,cardmon,wiremon,multline,voice,pager,internet,callid,callwait,forward,confer,ebill,custcat,churn
2,1,0,3.7,0,0,7.5,0,0,0,0,0,0,0,1,0,0,1,1
3,1,0,4.4,20.75,0,15.25,35.7,0,1,1,0,1,1,1,1,0,4,1
3,1,1,18.15,18,0,30.25,0,0,0,0,0,1,1,0,1,0,3,0
2,0,1,9.45,0,0,0,0,0,0,0,0,0,0,0,0,0,1,1
2,1,0,6.3,0,0,0,0,0,0,0,0,1,0,1,1,0,3,0
2,0,1,11.8,19.25,0,13.5,0,0,0,0,0,1,1,0,0,0,3,0
3,1,1,10.9,0,0,8.75,0,1,0,0,1,0,1,0,0,1,2,1
2,0,0,6.05,45,50.1,23.25,64.9,1,1,1,1,1,1,1,1,1,4,0
3,1,0,9.75,28.5,0,12,0,1,0,0,0,1,1,1,1,0,3,0
1,1,0,24.15,0,0,16.5,0,1,0,0,0,0,0,0,0,0,2,0
2,0,1,4.85,0,26.15,0,0,0,0,1,1,0,0,0,0,1,1,1
3,0,1,7.1,22,0,23.75,0,0,1,0,0,1,1,1,1,0,3,0
1,1,1,8.55,0,0,41.75,0,0,0,0,0,0,0,0,0,0,1,0
2,1,1,15.6,46.25,46.7,0,61.05,1,1,1,1,1,1,1,1,1,4,1
2,0,1,4.4,0,0,0,0,0,0,0,0,0,0,0,0,0,1,0
1,1,0,5.1,0,30.25,11.25,0,1,0,0,1,0,0,0,0,0,2,0
3,0,0,16.15,29.75,31.3,30,0,1,0,0,0,1,1,1,1,0,3,0
3,0,1,6.65,18.5,0,0,0,0,0,0,0,0,1,1,1,0,3,0
2,0,0,1.05,0,0,0,0,0,0,0,0,0,0,0,0,0,1,0
1,1,0,6.7,0,48.1,24.25,38.3,1,1,0,1,1,1,1,1,1,4,1
3,0,1,3.75,0,33.8,0,18.7,1,0,1,1,0,1,0,0,0,2,1
1,1,0,20.7,0,0,22,0,0,0,0,0,0,0,1,0,0,1,0
3,0,1,5.3,0,49.6,26.75,51.4,1,1,0,1,0,1,1,1,1,4,0
3,1,0,15.05,0,0,27.25,0,0,0,0,0,0,0,0,0,0,1,0
3,1,0,12.5,19.75,0,18,0,0,0,0,0,1,1,1,1,0,3,0
2,0,1,2.2,20.75,0,40.5,0,0,0,0,0,0,1,1,1,0,3,0
2,0,1,8.25,23.5,36.9,28,37.4,1,1,0,1,1,1,0,1,1,4,0
3,1,0,9.1,0,0,0,0,1,0,0,0,1,0,1,0,0,3,0
1,1,1,2.9,0,0,0,0,0,0,0,0,1,0,0,0,0,1,0
2,1,1,5.55,0,27.35,0,0,1,0,0,1,0,0,0,1,1,2,0
1,1,1,10.6,0,31.1,18.25,0,1,0,0,1,0,0,0,0,1,2,0
1,1,0,21,56,0,34,49.95,1,1,0,1,0,0,1,1,1,4,0
1,1,1,6.5,27.5,0,35,0,0,0,0,0,0,1,1,1,0,3,0
1,1,0,4.8,0,19.55,0,0,1,0,0,1,0,0,0,0,0,2,0
2,1,0,33.9,38.25,44.65,13.75,55.25,1,1,1,1,0,1,1,1,1,4,0
3,1,0,4.25,0,30.55,0,0,1,0,0,1,0,0,0,0,1,2,1
2,0,0,21.15,39.25,46.35,54.25,54.85,1,1,1,1,1,0,0,1,1,4,0
1,1,0,9.8,33.5,0,36,41.65,1,1,0,0,1,1,1,1,0,3,0
1,1,1,6.55,29.25,0,19.75,0,0,1,0,0,1,1,1,1,0,3,1
2,0,1,41.75,49,0,18.75,0,1,0,0,0,1,1,1,1,0,3,0
3,0,0,2.5,19.25,0,53.75,0,0,0,0,0,1,1,1,1,0,3,0
2,0,1,4.25,30,0,17.75,0,0,0,0,0,1,1,1,1,0,3,0
2,1,0,6.2,0,0,0,0,0,0,0,0,1,0,0,0,0,1,0
1,1,0,5.65,0,46.75,0,48.5,1,1,1,1,0,0,0,1,1,4,1
1,1,1,14.7,18.75,0,11,0,1,0,0,0,1,1,0,1,0,3,0
1,1,0,14.5,0,37,17,0,1,1,0,1,0,0,0,0,1,2,0
1,1,0,12.85,25.75,0,14.25,0,1,0,0,1,0,1,0,0,1,2,0
3,1,0,7.75,0,37.45,18.5,38.8,1,0,1,1,0,1,0,1,1,4,1
3,1,1,2.95,0,22.95,0,0,0,0,0,0,0,0,0,0,0,1,1
1,0,1,3.25,31.5,0,15.5,26.75,0,0,0,1,1,1,1,1,1,3,1
2,1,0,6.3,0,22.5,0,0,0,0,0,1,0,0,0,0,0,1,1
1,1,0,24.75,0,0,22.25,0,1,0,0,0,0,0,0,0,0,2,0
3,0,0,7.8,23.75,37.25,22.5,30.05,1,1,1,1,1,1,1,1,1,4,0
1,1,0,4.85,15.5,0,0,0,0,0,0,0,0,1,0,0,0,1,0
1,0,0,6.25,18.5,0,14.25,0,0,0,0,0,1,0,0,0,1,1,0
2,1,1,7.2,15.75,28.35,0,0,0,0,1,1,1,0,0,1,0,1,1
3,0,1,7.65,0,0,0,0,1,0,0,0,0,0,0,0,0,2,0
1,1,0,15.5,0,0,34.5,0,0,0,0,0,0,0,0,0,0,1,0
2,0,1,10.4,28,0,19,27.5,0,0,0,0,1,1,1,1,0,3,0
2,1,1,19.7,0,28.15,14.75,0,1,0,0,1,0,0,0,0,1,2,0
2,1,1,12.7,27.5,0,11.5,0,0,1,0,0,1,1,1,1,0,3,1
2,1,1,28.8,55.5,0,21.25,61.1,1,1,1,0,1,1,1,1,0,4,0
3,0,0,10.25,0,0,15.75,0,0,0,0,0,0,0,0,0,0,1,0
2,1,1,29,0,47.05,24.75,0,1,0,1,1,1,0,0,1,0,4,0
2,0,0,15.25,24.5,37.45,27.25,30.05,1,0,1,1,1,1,1,1,1,4,1
3,1,0,9.05,0,0,6.75,0,0,0,0,0,0,0,0,0,0,1,0
3,1,1,8.95,21.25,0,0,0,0,0,0,0,1,1,1,1,0,3,0
1,1,0,57.05,51.5,0,19.25,0,1,0,0,0,1,1,1,1,0,3,0
1,0,0,6,0,0,0,0,0,0,0,0,0,0,0,0,0,1,0
3,0,1,3.15,0,27.25,16.25,17.95,0,0,0,1,1,0,0,1,1,1,1
1,1,0,8.55,0,0,19.75,0,0,0,0,0,0,0,0,0,0,1,0
3,0,1,6.6,0,23.3,0,0,1,0,0,1,0,0,0,0,1,2,0
1,0,0,7.8,0,0,0,0,0,0,0,0,0,0,0,0,0,1,0
2,0,1,7.25,0,33.5,0,20.65,1,1,0,1,0,0,0,0,1,2,0
2,1,0,24.5,24.75,0,12.5,29.65,1,0,0,0,1,1,1,1,0,3,0
1,0,0,3.15,0,25.05,0,0,0,0,1,1,0,0,0,0,1,1,0
1,1,0,10.6,0,0,0,0,0,0,0,0,1,1,1,1,0,3,1
2,0,0,11.2,0,0,0,0,0,0,0,0,0,0,0,1,0,1,0
1,0,1,30.25,30.25,0,30.75,0,0,1,0,0,1,1,1,1,0,3,0
1,0,1,7.85,44,49.6,10.5,43.75,1,1,1,1,1,1,1,1,1,4,0
3,1,1,8.9,33.75,0,5.75,0,1,1,1,1,1,1,1,1,0,4,0
2,0,0,1.65,0,21.6,0,0,0,0,0,0,0,0,0,1,0,1,1
3,1,0,11.85,22.5,0,35,0,1,1,1,0,1,1,1,1,0,4,1
2,0,1,5.5,31.5,0,19.25,0,0,0,1,0,1,1,1,1,0,3,0
2,1,1,14.65,0,40.45,14.25,0,1,0,0,1,0,0,0,0,0,2,0
2,1,0,7.25,0,29.15,0,0,0,0,0,0,0,0,0,0,1,1,0
1,0,0,4.85,0,27.7,0,0,1,0,0,0,0,0,0,0,0,2,0
2,1,0,17.25,0,48,87.5,33.25,1,1,1,1,1,0,1,0,1,4,1
2,0,1,3.4,23.75,49.8,0,35.75,0,1,1,1,1,1,1,1,1,4,1
1,1,0,7.45,26.75,0,24.75,0,0,0,0,0,1,1,1,0,0,3,0
3,1,0,7.1,0,39.4,0,0,1,0,1,1,0,0,0,0,1,2,0
2,0,1,13.2,27.5,0,0,0,0,0,0,0,0,1,0,0,0,1,0
3,1,1,12.25,0,38.4,8.75,35.95,1,1,0,1,0,0,0,1,1,2,0
3,0,1,5.85,38.25,0,22.25,40.35,1,1,1,1,1,1,1,1,1,4,0
3,1,1,3.75,0,0,0,0,0,0,0,0,0,0,0,0,1,1,1
2,0,0,10.2,0,36.4,14.5,30.9,1,1,0,1,1,1,0,0,1,4,1
1,1,0,5.7,0,0,0,0,0,0,0,0,0,1,1,1,0,3,0
3,1,1,11.55,12.75,0,21.5,0,1,0,0,0,0,0,0,0,0,2,1
2,1,1,8.65,30.5,0,9,0,0,0,0,0,0,1,1,1,0,3,1
3,0,1,19.3,0,0,22.75,0,1,0,0,0,0,1,0,0,0,2,0
1,0,0,3.05,0,31.3,14,0,1,0,0,1,1,1,1,1,1,4,0
3,1,1,24.05,0,35.4,21.25,0,1,0,0,0,1,0,1,1,1,3,0
2,0,0,4,24.75,0,27.25,0,0,0,0,0,1,1,1,1,0,3,1
1,1,1,6.7,0,33,0,0,1,0,1,1,0,0,0,0,1,2,1
2,0,1,7.6,0,0,0,0,1,0,0,0,1,0,0,1,1,2,0
2,0,1,5,21.75,0,0,24.15,1,0,0,0,0,0,1,1,1,2,1
1,0,0,9.6,0,0,9.5,0,0,0,0,0,0,0,0,0,0,1,0
3,0,1,6.6,39.75,0,37.25,38.25,1,1,1,0,1,1,1,1,1,4,0
1,0,0,5.85,0,0,0,0,0,1,0,1,0,0,0,0,1,1,0
2,1,0,25.25,0,0,33,0,1,0,0,0,0,0,0,0,0,2,0
3,1,1,12.6,0,0,12.5,0,1,0,0,1,0,0,0,0,1,2,0
2,1,1,9.95,14.75,26.15,0,0,1,0,0,0,0,0,0,0,0,2,1
2,0,1,2,0,0,0,0,0,1,0,0,0,0,0,1,1,1,0
2,0,0,12.05,0,27.15,6.5,0,1,0,0,1,0,0,0,0,1,2,0
1,0,1,17.3,21.25,0,19.25,0,1,0,0,0,1,1,1,1,0,3,0
1,0,1,4.8,0,0,0,0,0,0,0,1,0,0,0,0,0,1,0
3,0,0,3.8,0,0,0,0,0,0,0,0,0,1,1,1,0,3,0
1,1,1,13,0,0,0,0,0,0,0,0,0,1,1,1,0,3,0
1,0,0,13.8,0,0,25.5,0,0,0,0,0,1,1,1,1,0,3,0
3,0,0,3.45,15.5,23.3,23.5,0,0,0,0,1,0,0,1,0,0,1,1
2,0,1,14.8,0,0,17,0,0,0,0,0,0,0,0,0,0,1,0
3,0,0,12.2,0,0,0,0,0,0,0,0,0,0,0,0,0,1,0
3,1,0,4.25,11,0,0,0,0,0,0,0,0,0,0,1,0,1,0
1,1,0,5.8,0,35.35,0,21.65,1,0,0,1,0,0,0,0,1,2,1
3,1,0,5.4,0,0,0,0,0,0,0,1,0,0,1,0,1,1,1
2,0,1,10.15,0,0,17.75,0,1,0,0,0,0,0,0,0,0,2,0
3,0,1,5.35,0,28.1,9,24.7,0,1,0,1,1,0,0,1,1,4,0
2,1,0,9.6,0,26.75,0,0,1,0,0,1,0,0,0,0,1,2,1
3,1,1,9.45,0,26.85,0,0,1,0,0,1,0,0,0,0,0,2,1
2,1,1,26.15,84,0,11.25,45.45,1,1,1,0,1,1,1,1,0,4,0
1,1,0,23.15,36.75,0,36,34.3,1,0,0,0,0,0,1,1,0,3,1
2,1,0,5.2,0,0,0,0,0,0,0,0,0,0,0,0,0,1,1
1,1,0,12.4,48.75,0,36.5,58.4,0,1,1,0,1,1,1,1,0,4,0
1,1,1,19.3,0,33.4,50.75,0,1,1,0,1,0,0,1,0,1,2,1
2,0,0,9.05,24.25,41.85,12.25,39.6,1,0,1,0,1,1,1,1,0,3,0
3,0,1,4.25,0,0,0,0,0,1,0,1,0,0,0,0,1,1,0
2,0,1,9.3,0,0,0,0,0,0,0,0,0,0,0,0,0,1,0
2,0,0,4.25,0,0,16.25,26.75,1,0,1,0,1,1,1,1,0,3,0
3,1,1,13.9,23.25,28.5,3.75,0,1,0,1,0,0,1,1,0,0,3,0
3,0,0,3.8,19.25,61.45,19,58.25,1,1,1,1,1,1,1,1,1,4,1
1,1,1,8.6,24,41.15,17.75,28,0,1,1,1,1,1,1,1,0,4,0
1,1,0,22.05,34.75,0,9.75,0,1,0,0,0,0,1,0,1,0,3,0
1,1,1,4.85,18.25,35.05,34.75,31.65,0,0,1,1,1,1,1,1,1,4,0
2,1,0,32.25,0,0,33.5,0,1,0,0,0,0,0,0,0,0,2,0
1,0,1,1.9,15.75,28.7,5,24.15,0,0,1,0,1,1,1,1,0,3,0
3,0,1,20.25,21.25,39.4,9.75,28.35,0,0,0,1,0,0,1,1,1,1,0
2,1,0,12.1,20.5,54.3,9.75,35.35,1,1,1,1,1,1,1,1,1,4,0
3,1,1,8.15,0,27.95,0,0,1,0,0,1,1,0,1,0,0,2,1
3,1,1,13.65,0,0,20.75,0,1,0,0,0,0,0,0,1,0,2,0
1,0,0,10.25,0,0,10.75,0,1,0,0,0,0,0,0,0,0,2,0
2,1,1,17.2,0,0,13.25,0,0,0,0,0,0,0,0,0,0,1,0
1,0,1,21.8,27.25,42,8,0,1,0,0,1,1,1,0,1,0,3,0
3,0,1,12.8,16,39.2,17.25,31,1,1,1,1,1,0,1,1,1,4,0
3,0,0,8.1,18,45.6,56.5,66.9,1,1,1,1,0,0,1,0,1,4,0
3,0,0,8.95,37.75,54.1,28.5,50.75,1,1,1,0,1,1,1,1,1,4,0
1,1,1,3.35,22.5,0,9.25,0,0,1,0,1,1,1,0,1,0,3,0
2,0,0,2.5,0,25.3,13.75,0,0,0,0,1,0,0,1,0,1,1,0
2,0,0,3.95,0,0,0,0,0,0,0,0,0,0,0,0,0,1,0
1,1,1,12.95,0,33.05,0,0,1,0,0,1,0,0,0,0,1,2,1
3,0,1,7.05,0,0,14.5,0,0,0,0,0,1,1,1,1,0,3,0
3,1,1,12.9,27.75,0,8.75,0,0,0,0,0,1,1,1,1,0,3,0
2,1,1,14.6,33,0,15.75,0,0,0,0,0,1,1,1,1,0,3,0
2,1,0,18.6,0,0,0,0,0,0,0,0,0,0,0,0,0,1,0
3,0,1,6.5,0,0,16,0,0,0,0,0,1,1,0,0,0,3,0
1,0,1,17.45,0,39.25,10.25,0,1,0,0,1,0,0,0,0,1,2,0
1,1,0,45.05,0,33,35,0,1,0,0,1,0,0,0,0,0,2,0
3,1,0,12.2,0,38.75,9.25,28.05,0,1,1,1,1,1,1,0,1,4,1
3,1,1,4.7,0,0,16.5,0,0,0,0,0,0,0,0,0,0,1,0
3,0,0,2.45,0,29.8,0,0,0,1,0,0,0,1,0,0,1,1,0
1,0,0,21.1,0,38.55,0,25.3,1,0,0,1,0,0,0,0,1,2,1
2,1,0,6.2,18.25,36.65,10.5,28.8,1,1,1,1,1,1,1,1,0,4,0
1,1,1,4.35,13,0,8,0,0,0,0,0,1,1,0,0,0,1,0
2,1,1,14.2,71,73.8,38.75,62.45,1,1,1,1,1,1,1,1,1,4,0
2,0,1,4.65,0,28.35,0,0,0,0,0,1,0,0,0,0,1,1,1
3,0,1,24.3,0,0,17.25,0,1,0,0,0,0,0,0,0,0,2,0
3,0,0,4.45,13.5,0,0,0,0,0,1,1,0,0,0,1,0,1,1
1,0,1,15,0,0,39.25,0,0,0,0,0,1,0,0,1,0,3,0
3,1,0,9.35,20.25,51.35,6,36,1,1,1,1,0,1,1,0,0,4,1
3,0,1,11,17.5,40.9,6,32.05,0,0,1,1,1,1,1,1,1,4,0
1,0,1,2.9,0,19.9,0,0,0,0,0,0,0,0,0,0,0,1,1
2,1,0,14.2,30.5,64.2,31.5,66.55,1,1,1,1,1,1,1,1,1,4,0
2,0,0,3.15,13.25,0,30.5,0,0,0,0,0,1,1,0,0,0,1,0
3,1,0,7.1,0,23.4,0,0,1,0,0,1,0,0,0,0,0,2,0
2,1,0,14.85,0,37,11,0,1,0,0,1,0,0,0,0,1,2,0
3,0,0,17.45,0,0,14.75,0,1,0,0,0,0,0,0,0,0,2,0
3,0,0,4.25,0,0,0,0,0,0,0,0,0,0,0,0,1,1,0
3,1,1,4.65,0,0,0,0,0,0,0,1,0,0,0,0,1,1,0
1,1,0,14.45,0,35.95,23,24.75,1,1,1,1,0,0,0,0,1,2,1
3,1,1,15,40,0,17.5,45.1,1,1,0,0,1,1,1,1,0,3,0
1,1,1,7.5,30.25,33.9,0,0,1,0,0,1,1,1,1,0,0,3,1
2,1,1,10.6,0,0,17,0,0,0,0,0,0,0,0,0,0,1,0
3,0,1,5.05,18.5,40.8,12.5,28.85,0,1,1,1,0,1,1,1,1,4,0
1,0,1,7.9,0,25.2,5,0,1,0,0,1,0,0,0,0,0,2,1
1,0,0,36.25,27.75,0,38.5,0,1,1,0,0,0,1,0,1,0,3,0
3,1,0,6.35,27.25,53.95,11.75,63,1,1,1,1,1,1,1,1,1,4,0
1,1,1,7.45,0,0,0,0,0,0,0,0,0,0,0,0,0,1,1
2,0,0,9.25,0,22.7,0,0,0,0,0,0,0,0,0,0,0,1,0
2,1,0,21.2,24,0,14.5,0,1,0,0,0,1,1,1,1,0,3,0
3,0,1,2.8,0,0,0,0,0,0,0,1,0,0,0,0,1,1,0
3,0,1,89.4,0,46.55,18.75,0,1,1,1,1,0,0,1,1,0,4,0
1,0,0,7.7,0,0,9.5,0,0,0,0,0,0,0,0,0,0,1,0
1,0,0,4.45,26.25,0,9.75,35.9,0,0,1,1,1,1,1,1,0,4,0
1,1,1,7,0,35.55,0,0,1,0,0,1,0,1,0,1,0,2,0
2,1,0,12.7,0,0,7,0,1,0,0,0,0,0,0,0,0,2,0
1,1,0,12.65,21.25,0,34,47.85,0,1,1,0,1,1,1,1,0,4,1
2,1,0,4.6,0,0,0,0,0,0,0,0,0,0,0,0,0,1,0
1,1,1,99.95,0,0,12.5,0,1,0,0,0,0,1,0,1,0,3,0
1,1,1,7.5,12.75,48.65,7.5,39.5,1,1,1,1,1,1,1,1,1,4,1
3,0,1,49.6,32.75,0,48.75,60.15,1,1,0,0,1,1,1,1,0,3,0
3,1,1,13.1,18.25,0,18.75,0,1,0,0,0,1,1,1,1,0,3,0
3,0,1,4.1,0,0,0,0,0,0,0,0,0,0,0,0,0,1,0
1,0,0,2.15,0,20.75,0,0,0,0,0,0,0,0,0,0,1,1,1
3,1,0,10.4,0,0,12.5,0,0,0,0,0,0,0,0,0,1,1,1
2,0,0,3.7,0,0,0,0,1,0,0,1,0,0,1,1,1,2,0
2,0,0,14.25,0,0,21,0,1,0,0,0,0,0,0,0,0,2,0
2,0,1,26.25,0,0,74,0,0,0,0,0,0,0,0,0,0,1,0
2,1,0,6.9,0,0,14,0,0,0,0,0,1,1,1,0,0,3,0
3,1,0,6.95,25,36.7,0,0,1,1,0,1,0,1,1,0,1,4,1
2,1,0,54.8,67.25,51.35,69.5,55.5,1,1,1,1,1,1,1,1,0,4,0
3,0,0,7.75,0,29.3,0,26.15,0,0,0,0,0,0,0,0,1,1,0
1,0,1,4.25,0,0,13.25,0,0,0,0,0,1,0,1,1,0,3,0
3,0,1,2.7,13,24,0,0,1,1,1,0,0,0,1,0,1,4,0
3,0,0,6.85,0,0,0,0,0,0,0,0,0,0,0,0,1,1,0
3,1,0,12.55,23.5,0,10.25,0,0,0,0,0,1,1,1,1,0,3,0
2,0,1,1.35,0,0,0,0,0,0,0,0,0,0,0,0,0,1,1
1,0,0,15.3,28.5,0,16,32.55,1,1,1,0,1,1,1,1,0,4,1
2,1,1,9.1,40.75,48.4,16,50.6,0,1,1,1,1,1,1,1,0,4,0
2,0,1,4.5,17,36.2,19.25,33.4,0,0,0,1,0,1,1,0,0,1,0
3,0,0,6.1,18.75,0,24.25,22.8,0,1,0,1,1,1,1,1,0,3,1
2,0,0,33.95,87,0,33.5,0,1,0,0,0,1,1,1,1,0,3,0
1,0,0,11.05,22.25,0,18.75,0,0,0,0,0,1,1,1,1,0,3,0
1,1,1,8.1,29.5,0,28.5,0,0,0,0,0,1,1,1,1,0,3,0
1,1,0,32.2,0,0,82.25,0,1,0,0,0,0,0,0,0,0,2,0
2,0,0,3.8,0,0,0,0,0,0,0,0,0,0,0,1,0,1,0
1,0,0,13.3,31,62.35,10,96.25,1,1,1,1,1,1,1,1,1,4,0
2,0,0,7.7,0,0,9.25,0,1,0,0,0,0,0,1,0,0,2,0
2,1,0,11.95,55,0,48,85.85,1,1,1,0,1,1,1,1,1,4,0
2,1,0,13.9,0,33.3,16.5,0,0,0,1,0,1,1,1,1,1,4,0
3,0,1,5.25,0,0,0,0,0,0,0,0,0,1,0,0,0,1,0
3,1,0,18.9,59.75,0,20.25,59.15,1,1,1,0,1,1,1,1,0,4,0
3,0,1,8,0,0,13,0,0,0,0,0,0,0,0,0,0,1,0
2,1,1,35.15,34.75,0,21.5,50.7,1,1,0,0,1,1,1,1,1,4,0
3,0,0,18.6,52.75,0,24,0,1,0,1,0,1,1,1,1,0,3,0
3,1,0,7.6,0,0,0,0,1,0,0,1,0,0,1,1,0,2,1
3,0,1,7.45,0,30.9,0,0,0,0,0,1,0,0,0,0,0,1,0
3,0,1,13.75,22.75,0,10.25,0,1,1,0,0,1,0,1,1,0,3,1
2,0,0,17.5,15.5,0,16.75,0,1,0,0,0,0,0,0,0,0,2,0
1,0,1,7.6,0,0,0,0,0,0,0,0,0,1,0,0,0,1,0
3,1,1,5.15,14.5,0,24.75,0,0,0,0,0,0,0,1,1,0,1,0
2,1,1,8.8,0,30.95,23,23.35,1,1,0,0,0,0,0,0,0,2,0
1,0,0,3.9,0,23.8,0,0,0,0,0,1,0,0,0,0,1,1,0
2,1,1,9.3,25,0,17,0,1,0,0,1,1,1,1,0,1,4,0
1,1,0,11.05,0,36.3,0,30.15,1,1,0,1,1,0,0,0,1,2,1
1,0,1,7.75,0,0,13,0,1,0,0,1,0,0,0,0,0,2,0
3,0,0,2.85,0,28.25,19.5,0,0,1,0,1,0,1,1,1,1,4,1
2,1,1,21.3,0,0,0,0,0,0,0,0,0,1,1,0,0,3,0
2,0,1,4.05,0,31.45,0,0,1,1,0,1,0,0,1,0,1,2,1
3,1,0,10.9,0,0,41,0,0,0,0,0,0,0,0,0,0,1,0
2,0,0,16.3,0,33.35,10.25,37.9,1,0,1,1,1,1,0,0,1,4,0
3,0,0,4.15,15,46.05,0,41.85,1,1,1,1,1,1,1,0,1,4,1
1,0,1,14.2,27,0,30,0,1,1,1,0,0,1,1,1,0,4,0
2,0,1,6.05,0,0,5,0,0,0,0,1,0,1,0,1,1,1,0
2,0,1,13.65,29.25,0,22.75,0,1,0,0,0,1,1,1,1,1,3,0
3,1,1,32.9,0,0,15,0,1,0,0,0,0,0,0,0,0,2,0
2,1,1,10.75,0,0,14.75,0,0,0,0,0,0,0,0,0,0,1,0
3,1,1,9.25,0,0,0,0,0,0,0,0,0,1,0,0,0,1,0
1,1,0,2.25,13.75,0,11.25,0,0,0,0,0,1,0,1,1,0,3,0
2,1,0,12.5,23,0,0,0,1,0,0,0,1,1,0,1,0,3,0
1,1,0,9.4,0,0,14.75,0,0,0,0,0,1,1,1,0,0,3,0
2,0,1,5.05,0,0,0,0,0,0,0,0,1,0,0,0,0,1,0
2,0,1,6.75,0,0,0,0,1,0,0,0,1,1,0,1,0,3,0
1,0,0,27.15,0,42.7,17,41.15,1,0,1,1,1,0,0,0,1,2,0
1,0,0,27.5,21.75,52.1,20.25,47.9,1,1,1,1,1,1,1,1,1,4,0
2,0,0,12.15,0,0,0,0,0,0,0,0,0,0,0,0,0,1,0
3,0,1,4.3,22.25,0,13.75,0,0,1,0,0,1,1,1,1,0,3,0
2,1,0,42.9,17.25,0,17.5,0,1,0,0,0,0,0,1,0,0,2,0
1,0,1,8.5,0,0,8.5,0,1,0,0,0,0,1,0,0,0,2,0
1,0,1,28.9,39.25,0,84.75,0,1,1,0,0,1,1,1,1,0,3,0
2,0,0,12.9,0,0,0,0,1,0,0,0,0,1,1,0,0,3,0
3,0,0,8.4,0,0,0,0,0,0,0,0,0,0,1,0,0,1,0
1,0,0,11.15,35,77.7,20,80.35,1,1,1,1,1,1,1,1,1,4,0
2,1,0,5.75,0,51.75,36,36.7,1,1,1,1,1,1,1,1,1,4,1
1,1,1,6.85,27.75,0,0,0,0,0,1,0,0,0,1,1,0,3,1
1,0,1,23.3,0,48.35,29.75,35.15,1,0,0,1,0,0,0,1,0,2,0
1,1,0,6.7,0,0,0,0,0,0,0,0,1,0,1,1,0,3,0
2,1,1,8.65,21.25,0,6.5,19.65,0,0,0,1,1,0,1,1,0,3,0
1,1,1,12.2,41.5,0,18.75,54.4,1,1,1,0,1,1,1,1,0,4,0
1,1,1,4.7,31,0,0,0,0,0,0,0,1,1,1,1,0,3,0
2,0,1,9.65,28.5,0,11.25,0,0,0,0,0,1,1,1,1,0,3,0
2,1,0,15.5,19.25,29.6,31.5,0,1,0,0,0,0,1,0,0,0,2,0
3,1,0,3.85,23,33.05,6.75,0,0,0,1,1,1,1,1,0,1,4,0
1,1,0,20.6,0,0,31.25,0,1,0,0,0,0,0,1,1,0,3,0
1,0,1,10.75,0,0,21.25,0,1,0,0,1,0,0,0,0,0,2,1
1,0,1,6.65,20.25,0,8,24.65,1,0,0,1,1,1,0,1,0,3,0
2,1,0,5.75,27.5,39.2,40.5,21.4,0,1,1,0,1,1,1,1,0,4,0
2,0,0,11.5,26.25,40.7,12,48.3,1,1,0,1,1,1,1,1,1,4,0
2,0,0,6,27.5,0,0,0,0,0,0,0,1,0,0,1,0,3,0
3,0,0,16.15,0,0,15.75,0,0,1,0,0,0,0,0,0,1,1,0
1,0,0,6.15,33.75,0,29.75,44.75,1,1,1,1,1,1,1,1,0,4,0
2,1,1,9.8,0,30.6,0,0,1,0,0,0,0,0,0,0,0,2,0
3,1,1,21.7,26.25,0,12,0,1,0,0,0,1,0,1,0,0,3,0
1,1,0,6.45,0,29,0,0,0,0,0,1,1,1,1,0,1,3,0
1,1,0,8.35,0,22.95,0,0,1,0,0,0,0,0,0,0,1,2,0
3,0,1,12.75,0,0,38.5,0,1,0,0,0,0,0,0,1,0,2,0
2,0,1,2.7,0,32.7,0,0,0,0,0,1,0,0,0,1,1,1,1
1,1,0,4.55,15.75,33,0,23.95,1,0,1,1,0,1,1,0,1,4,1
1,1,0,5.15,0,25.55,0,0,1,0,0,1,0,0,0,0,1,2,1
2,0,1,3.8,30,32.8,8.5,0,0,0,0,1,1,1,1,1,1,3,0
3,0,1,7,24.5,42.8,23.5,30.75,1,1,1,0,1,1,1,1,0,4,1
2,1,0,20.1,0,32.55,22.75,0,0,0,0,0,0,0,0,0,0,1,0
3,1,0,3.15,0,20.05,0,0,0,0,0,1,0,0,0,0,1,1,1
1,0,1,9.4,0,0,8.75,0,1,0,0,0,0,0,0,0,1,2,1
1,1,1,3.95,0,30.75,0,0,1,0,0,0,0,0,0,0,0,2,1
1,1,0,7.55,41,42.35,23.5,35.75,0,1,1,1,1,1,1,1,0,4,0
2,1,1,3.55,18.75,0,29.25,27.9,0,1,1,0,1,1,1,1,0,4,0
2,0,0,7.8,0,42.4,14,23.2,0,0,0,1,0,0,1,1,1,1,1
1,1,1,8.7,0,0,23.75,0,0,1,0,1,1,0,1,0,0,3,1
2,1,1,1.05,0,15.4,0,0,0,0,0,0,0,0,0,0,1,1,1
3,1,1,4.35,12.75,34.05,0,21.5,0,1,1,1,1,0,1,0,1,4,1
1,1,1,3.9,0,24.15,0,0,0,1,0,0,0,0,0,0,0,1,1
3,0,0,3.5,25,43.65,24.5,27.7,1,1,1,1,1,1,1,1,1,4,1
1,1,0,9.55,16.5,0,8.25,0,1,0,0,0,0,1,0,1,0,3,0
3,0,0,4.3,0,32.1,0,0,1,0,0,1,0,0,0,0,1,2,1
1,1,1,5.5,16,42.65,3.75,41.3,0,1,1,1,1,0,0,1,1,4,1
3,0,0,4.05,0,0,0,0,0,0,0,0,0,0,1,0,0,1,0
1,1,0,75.45,0,0,18.25,0,1,0,0,0,0,1,0,1,0,3,0
3,1,1,3,15.75,31.15,0,0,0,0,0,1,0,0,0,0,1,1,1
1,0,0,14.35,32.25,0,16.75,0,1,0,0,0,1,1,1,1,0,3,0
2,0,1,7.8,36.5,38.7,0,27.9,1,0,1,1,1,0,1,1,1,4,1
3,0,1,14.05,0,25.1,0,0,0,0,0,1,0,1,0,0,0,1,0
3,0,0,9,0,30.45,17.5,0,0,0,1,0,0,0,1,0,1,1,0
3,1,1,19.05,0,0,14,0,0,0,0,0,0,0,0,0,0,1,0
3,0,0,9.6,24.25,0,11.25,0,0,0,0,0,0,0,0,1,0,1,0
1,0,1,4.9,0,44.6,6.25,41.35,1,1,1,1,1,0,1,1,1,4,0
2,1,0,18.85,0,32,42.75,0,1,0,0,0,0,0,0,0,1,2,0
1,0,0,4.25,0,0,0,0,0,0,0,0,0,0,0,0,0,1,0
1,1,0,7.3,20.5,0,7.5,0,0,0,0,0,1,1,0,1,0,3,0
2,1,0,5.4,0,0,8.5,0,0,0,0,0,0,0,0,0,0,1,0
2,0,0,6.65,9.75,0,8,0,0,0,0,0,0,0,0,0,0,1,0
1,1,1,12.25,23.75,0,0,0,1,0,0,0,1,0,0,1,0,3,0
1,1,1,7.25,0,0,0,0,0,0,0,0,0,0,0,0,0,1,0
3,0,0,27.3,23.25,69.4,7.75,52.4,1,1,1,1,1,1,0,1,1,4,0
2,0,0,7,0,26.8,0,0,0,0,0,1,0,0,0,1,1,1,0
3,0,0,49.25,41.5,50.9,27.25,68.1,1,1,1,1,1,1,1,1,0,4,0
2,0,0,14.75,42.25,0,16.25,0,0,0,0,0,1,1,1,1,0,3,0
1,1,0,4.15,0,24.3,0,0,0,0,0,0,0,0,0,0,0,1,1
2,0,1,6.25,0,0,0,0,1,0,0,1,0,0,0,0,1,2,0
2,0,1,3.5,28.25,0,0,0,0,0,0,0,0,1,1,1,0,3,1
3,1,0,12.4,28,51.7,19.5,52.9,1,1,1,1,1,1,1,1,1,4,0
2,1,1,16.7,38.25,53.45,22.75,72.6,1,1,1,1,1,1,1,1,0,4,0
3,1,0,23.55,48.25,0,21,0,1,1,1,0,1,1,1,1,0,4,0
2,1,1,81.55,62.25,0,15.5,0,1,0,1,0,1,1,1,1,0,3,0
3,0,1,6.05,0,0,21.25,0,0,0,0,0,1,0,0,0,0,1,0
3,0,0,1.6,17.25,31.1,12.75,19.85,0,1,0,0,1,1,1,1,0,3,1
2,1,1,8.55,0,0,0,0,1,0,0,0,0,0,0,0,0,2,0
2,0,0,26.7,42.75,0,20.5,0,1,1,0,0,1,1,1,1,0,3,0
3,1,1,13.55,0,30.65,12.75,0,1,0,0,1,0,0,0,0,1,2,0
1,0,1,6.4,0,29.05,0,0,1,0,0,0,0,0,1,1,1,2,0
1,1,0,41.95,25.75,0,33.25,0,1,0,0,0,1,1,1,1,0,3,0
3,0,0,4.6,38.5,0,37.75,23.5,0,0,0,0,1,1,1,1,0,3,0
3,1,1,3,0,0,6,0,0,0,0,0,1,0,1,1,0,3,0
2,0,0,4.4,9,0,28.25,0,0,0,0,0,1,1,1,1,0,3,1
3,1,1,11,24,31.1,28.25,0,1,1,0,1,1,1,1,1,0,4,0
1,0,0,10.95,0,27.2,12.25,0,1,0,0,1,0,0,0,0,1,2,0
1,0,1,16.85,23.25,0,18.5,0,0,0,1,0,0,1,1,0,0,3,0
3,0,1,7.5,0,0,6.25,0,0,0,0,0,0,0,0,0,0,1,0
1,1,1,10.75,33,47.4,0,45.85,1,1,1,1,1,1,0,1,1,4,1
3,0,0,16,30.5,0,13.75,0,1,1,0,0,1,1,1,1,0,3,0
3,0,1,18.4,0,0,24.75,0,0,0,0,0,0,0,0,1,0,1,0
1,1,1,18.85,30,51.95,18.75,47.3,1,1,1,1,1,1,1,1,1,4,1
1,1,0,25.1,26.75,44.95,11.5,27.4,0,0,1,1,1,1,0,0,1,4,0
3,1,0,13.35,25.75,0,0,0,0,0,0,0,0,1,0,1,0,3,0
2,0,1,18.1,0,0,35.25,0,1,0,0,0,0,0,0,0,0,2,0
2,0,0,3.55,11,44.75,0,30.8,1,1,1,1,0,0,1,0,1,4,0
2,0,1,4.45,0,0,0,0,0,0,0,0,0,0,0,0,0,1,0
3,1,1,7.75,0,0,0,0,0,0,0,0,0,0,0,0,0,1,0
2,0,0,6.8,17.75,0,14,0,1,0,1,1,0,1,0,0,1,2,0
1,1,1,14.85,0,0,17.5,0,1,0,0,0,0,0,0,0,0,2,0
2,0,0,7.75,19.75,35.15,17,31.15,0,1,1,0,1,1,1,1,1,4,0
2,1,1,7.5,0,0,15.75,0,0,0,0,0,0,0,0,0,1,1,0
3,0,0,4.05,0,0,0,0,0,0,0,0,0,0,0,0,0,1,0
1,0,1,5.4,0,28.35,0,0,1,0,1,1,0,0,0,0,1,2,1
2,1,1,29.95,0,0,29,0,1,0,0,0,0,0,1,1,0,3,0
1,0,1,7.5,0,0,0,0,1,0,0,0,0,0,0,0,0,2,0
1,0,0,27.1,18.5,42.5,37.5,0,1,0,1,1,0,0,0,0,0,2,0
2,1,1,17.55,30.75,0,21.25,46.7,1,0,1,0,1,1,1,1,0,3,0
2,0,0,13.45,0,0,16,0,0,0,0,0,0,1,0,0,0,1,0
3,1,1,24.35,0,46.6,15.25,37.45,1,1,1,1,1,0,1,0,1,4,0
3,1,0,5.4,18,0,15,0,0,0,0,0,1,1,1,0,0,3,0
3,1,1,24.15,0,34.8,17.75,33.2,1,1,0,1,0,0,1,0,1,2,0
2,1,0,7.25,0,0,21.75,0,0,0,0,0,0,0,0,0,0,1,1
2,1,0,53.75,68.5,0,10.25,43.95,1,1,1,0,1,1,1,1,0,4,0
1,1,0,25.05,39,56.8,32.75,51,1,1,1,1,1,1,1,1,1,4,1
3,0,1,12.4,35,48.3,5.75,43.5,1,1,1,1,1,1,0,1,1,4,0
3,0,1,12.9,28.25,0,14,0,0,0,0,1,1,1,1,1,0,3,0
2,0,0,5.05,0,46.9,0,42.65,1,1,1,1,0,0,0,1,1,4,1
2,0,1,18.3,33.5,0,15.5,17.45,0,0,0,0,1,1,1,1,0,3,0
2,0,1,12.5,0,0,15,0,1,0,0,0,0,0,0,0,0,2,0
1,0,1,16.35,33.5,38.95,18.75,30.6,0,1,0,0,1,1,1,1,1,3,0
3,1,1,19.65,31,0,19.75,0,0,0,0,1,1,1,1,1,0,3,0
1,0,0,8.1,0,0,0,0,1,0,0,0,0,0,0,0,0,2,0
1,0,0,7.65,25,0,13.5,0,0,1,0,0,1,1,1,1,0,3,0
2,1,1,12.65,0,0,16.5,0,1,0,0,0,0,0,0,0,0,2,0
3,0,1,25.1,0,0,21.5,0,1,1,0,0,0,0,1,1,0,3,0
3,1,1,13.8,0,0,47,0,0,0,0,0,0,0,0,0,0,1,0
3,1,1,30.3,26.5,0,51.25,0,1,0,0,0,1,0,0,1,0,3,0
3,1,1,5.25,22,61.95,8.75,57.8,1,1,1,1,1,1,1,1,1,4,0
3,0,0,10.95,0,24.5,9.75,0,1,0,0,1,0,0,0,0,1,2,0
3,0,0,6.5,0,0,13.25,0,0,0,0,0,0,0,0,0,0,1,0
2,0,1,8.2,15,0,0,0,1,1,0,1,1,1,0,0,0,2,0
2,1,1,13.2,46,53.15,11.5,46.4,1,1,1,0,1,1,1,1,0,4,0
3,0,1,2.6,0,0,0,0,0,0,0,0,0,0,0,0,1,1,1
2,0,1,4.3,0,32.55,0,25.4,1,0,0,1,0,0,0,0,1,2,1
1,0,1,38.2,0,0,28.25,0,1,0,0,0,0,0,0,0,0,2,0
2,0,1,31.6,0,0,26,0,1,0,0,0,1,1,1,0,0,3,0
3,0,1,19.9,0,41.7,23.75,0,1,1,1,1,0,0,0,0,1,2,0
3,1,1,2.25,0,0,0,0,0,0,0,0,0,0,0,0,0,1,0
1,1,1,9.85,20.75,27.65,36,0,1,0,0,0,0,1,0,1,0,3,0
3,0,0,4.65,0,32.05,0,0,1,0,0,1,0,0,0,0,1,2,1
2,0,1,0.9,0,23.85,0,0,0,1,1,0,1,0,0,0,1,1,1
3,0,1,3.6,0,0,0,0,1,0,0,0,0,0,0,0,0,2,0
1,1,1,3.6,0,28.7,0,0,0,1,0,1,0,0,0,0,1,1,0
3,0,1,8.1,15,0,0,0,0,0,0,0,1,1,1,0,0,3,0
2,1,1,2.95,17,39.3,20,34.3,0,1,1,1,1,1,1,1,1,4,1
1,1,1,4.2,0,0,16.5,0,1,0,0,0,0,0,0,0,0,2,0
1,1,0,22.7,0,32.9,8.5,0,1,0,0,1,0,0,0,0,1,2,0
1,1,0,11.95,32,0,53,0,1,0,1,0,1,1,1,1,1,4,0
2,1,1,9.45,0,0,11,0,0,0,0,0,0,0,0,0,0,1,0
1,0,0,5.05,35.5,0,10.5,23.3,0,1,0,0,1,1,1,1,0,3,0
1,1,0,21.85,0,0,46.5,0,1,0,0,0,0,0,0,0,0,2,0
2,0,0,5.95,0,0,5.25,0,0,0,0,0,0,0,0,0,0,1,0
2,1,0,26.8,0,0,21.75,0,1,0,0,0,0,0,0,0,0,2,0
2,0,0,4.75,0,21.4,0,0,0,0,0,1,0,0,0,0,1,1,1
1,1,1,12.1,0,44.9,24.5,0,1,1,0,1,0,1,0,0,1,2,0
2,0,1,4.75,23,38.55,13.5,42.7,0,1,1,1,1,1,1,1,1,4,1
3,1,0,7.1,40.75,39.75,16.5,50.85,1,1,1,1,1,1,1,1,1,4,1
1,0,0,13.35,18.5,0,18.5,0,0,0,0,0,0,0,0,1,0,1,0
1,0,1,8,0,38.5,20.5,40.05,1,1,1,1,1,1,1,1,1,4,0
2,0,0,12.85,21.75,0,17,0,0,1,0,0,1,1,0,0,0,3,0
3,0,0,4.9,26,41.55,10,36.4,0,1,1,1,1,1,1,1,1,4,1
3,1,1,9.65,39.25,51.15,53.5,74.8,1,1,1,1,1,1,1,1,1,4,0
3,0,0,3.8,26.5,0,20.5,0,0,0,0,0,1,1,1,0,0,3,0
3,1,0,4.05,22.25,31.8,0,0,0,1,1,1,0,1,1,1,1,4,0
2,0,0,7.4,0,0,0,0,0,0,0,0,0,0,1,0,0,1,0
3,1,0,7,26.5,0,0,26.1,0,0,1,0,1,1,1,1,0,3,0
1,0,1,23.95,0,0,10,0,1,0,0,0,0,0,0,0,0,2,0
2,1,1,16.05,18.75,0,8.25,0,1,0,0,0,1,1,1,1,0,3,0
1,0,0,10.2,0,0,17.5,0,0,0,0,0,0,0,0,0,0,1,0
2,1,0,7.7,0,38.9,0,32,1,1,1,1,0,1,0,1,1,4,0
1,1,0,15.65,21.75,0,30.75,0,0,0,0,0,0,1,1,1,0,3,1
1,1,0,8.95,0,0,9.25,0,0,0,0,0,0,1,1,1,0,3,0
1,1,0,12.75,0,0,0,0,0,0,0,0,0,0,0,0,0,1,1
2,0,0,3.2,0,0,0,0,0,0,0,0,0,0,0,1,0,1,0
3,0,1,12.35,19.75,27.85,14.5,0,1,0,0,0,0,0,0,0,1,2,1
1,0,1,18.6,46.25,0,14.75,41.2,0,1,1,0,1,1,1,1,0,4,0
2,0,0,3.15,0,0,0,0,0,0,0,0,1,0,0,0,0,1,0
1,1,1,4.6,19.75,0,8.75,56.45,1,1,1,1,1,1,1,1,0,4,0
3,0,1,4.65,0,25.25,0,0,1,0,0,0,0,1,0,0,0,2,1
2,0,1,14.5,44.25,0,18.25,0,0,0,0,0,1,1,1,1,0,3,0
2,1,0,5.85,25.5,42.45,13.25,34.15,1,1,1,1,1,1,1,1,1,4,1
3,1,1,7.1,21.25,0,25.25,0,0,0,0,1,1,0,1,0,0,1,1
1,0,0,7.25,25.5,0,32.5,0,0,1,1,0,1,1,1,1,0,4,1
3,0,1,8.55,21.75,0,15.5,0,0,0,0,0,1,1,0,1,0,3,0
3,1,0,7.9,0,35.2,27.5,0,1,0,0,1,0,0,0,0,1,2,0
1,1,0,8.5,27,0,20,31.25,0,0,0,0,1,1,1,1,0,3,0
1,0,1,42.85,0,70.05,15,111.95,1,1,1,1,0,0,1,1,1,4,0
3,1,0,5.25,30,0,21.75,25.75,0,0,0,1,1,1,1,1,0,3,1
1,1,1,6,0,0,0,0,0,0,0,0,0,0,1,0,0,1,0
1,1,0,45.4,0,25.75,46.75,0,1,0,1,0,0,0,0,0,1,2,0
1,1,1,9.35,0,0,0,0,0,0,0,0,0,0,0,0,0,1,1
3,1,0,8.2,0,0,13.75,0,1,0,0,0,0,0,0,0,1,2,0
1,0,0,2.4,14.75,27.5,0,0,0,0,0,0,1,1,1,0,0,3,1
1,1,1,6.4,0,31.2,0,0,1,1,0,1,0,0,0,0,1,2,1
1,0,0,3.2,0,21.6,0,0,0,0,0,1,0,0,0,0,1,1,1
1,1,0,20,63.5,0,15,36.8,1,1,1,0,1,1,1,1,1,4,0
2,1,1,8,0,0,0,0,1,0,0,1,1,0,0,0,1,2,1
3,0,1,22.8,0,0,5,33.05,1,1,0,1,1,1,1,1,1,4,0
2,0,1,7.4,0,0,11,0,0,0,0,0,0,1,1,1,0,3,0
2,0,0,1.35,0,22.6,0,0,1,0,0,0,1,0,0,0,1,2,1
3,0,1,18.35,0,0,6,0,0,0,0,1,0,0,0,0,1,1,0
1,1,1,4.4,0,0,0,0,0,0,0,0,0,0,0,0,0,1,0
3,1,0,5.8,0,20.85,0,0,0,0,0,0,0,0,0,0,1,1,1
2,1,1,5.7,0,28.05,0,0,1,0,0,1,0,0,0,0,1,2,1
1,0,1,3.65,9.5,0,7,0,0,0,0,0,0,1,1,0,0,1,0
2,0,0,5.65,24,0,25.5,0,0,0,1,0,1,1,1,1,0,3,1
1,0,0,4.65,0,30,0,0,0,1,0,1,0,0,0,1,1,1,0
2,1,0,8.25,0,0,19.75,0,0,0,0,0,0,0,0,1,0,1,0
2,0,1,9,25.25,0,9,0,0,0,0,0,1,1,1,1,0,3,0
1,1,0,34.25,0,0,35.75,0,1,0,0,0,0,0,0,0,0,2,0
1,0,0,9.5,0,27.35,0,0,0,0,0,1,1,1,1,0,0,3,0
3,0,0,5.25,24.75,0,0,0,0,0,0,0,1,0,0,0,1,1,1
1,0,1,8.75,0,0,27,0,0,0,0,0,0,0,0,0,1,1,0
3,0,0,2.8,13.5,29.9,16.5,0,0,0,1,1,0,1,0,0,0,1,0
2,1,0,4.95,22,0,11.25,28.3,0,0,1,0,0,1,0,0,1,1,1
2,1,1,12.85,40.25,0,15,0,0,0,0,0,1,1,1,1,0,3,0
2,1,0,10.25,21.5,0,25.75,58.85,0,1,1,1,1,1,1,1,1,4,1
3,1,0,12.15,0,0,0,0,1,0,0,0,0,0,0,0,1,2,0
3,1,1,24.4,41.25,0,9.5,36.7,1,1,1,0,1,1,1,1,0,4,0
2,0,0,3.25,21,0,15.25,0,0,0,0,0,1,1,0,1,0,3,0
1,0,1,5.4,16,0,0,0,0,1,0,0,0,1,1,0,0,3,0
2,0,0,3.45,0,31.85,0,0,1,1,0,0,0,0,0,0,1,2,1
3,0,0,8.6,11,30.05,0,0,1,0,0,0,0,0,0,0,0,2,0
2,0,0,6.2,0,21.35,0,0,1,0,0,1,0,0,0,0,1,2,1
2,0,0,8,32.25,0,18.25,19.45,0,1,0,0,1,1,1,1,0,3,0
1,1,0,3.4,0,22.7,0,0,0,0,0,1,0,1,0,0,1,1,1
2,0,0,16.35,0,0,0,0,0,0,0,0,0,0,0,0,0,1,0
1,0,0,15.5,0,0,14.25,0,1,0,0,0,0,0,1,0,0,2,0
2,0,1,3.45,0,0,0,15.1,1,0,1,0,1,1,0,1,1,4,0
1,0,1,8.3,0,0,0,0,1,0,0,1,0,0,0,0,1,2,1
1,0,0,6.7,0,0,25.25,0,1,0,0,0,0,0,0,1,0,2,0
1,0,0,6.05,25.25,41.55,31.75,36.6,1,1,1,0,1,1,1,1,1,4,0
2,1,0,6.3,41.25,55.8,20,50.95,1,1,1,0,1,1,1,1,0,4,0
3,1,0,29.45,0,22.65,19,0,1,0,0,0,0,0,0,0,1,2,0
1,0,1,4.25,0,19.8,7,0,1,0,0,1,0,0,0,0,0,2,0
2,0,1,2.7,31.5,36.25,15,23.4,0,1,0,1,1,1,1,1,1,4,1
2,1,1,4.3,25.75,0,29,31.9,0,1,1,0,1,1,1,1,0,4,0
2,0,1,3.3,0,0,0,0,0,0,0,0,0,0,0,1,0,1,0
1,1,1,5.15,24.25,28.85,0,0,1,1,1,1,1,0,1,1,0,4,0
1,0,0,5.5,0,46.1,0,35.25,1,1,1,1,0,1,1,0,1,4,1
1,1,1,12.65,34.25,0,0,0,0,0,0,0,1,1,1,1,0,3,0
1,1,0,16.85,40.5,0,34.5,39.8,0,1,1,1,1,1,1,1,0,4,0
1,0,0,19.5,0,0,11.75,0,1,0,0,0,0,0,0,0,0,2,0
3,1,0,26.05,36.75,41.85,16.25,38.45,1,1,0,0,1,1,1,1,0,3,0
1,1,0,9.25,0,0,0,0,0,0,0,0,0,0,0,1,0,1,0
1,0,0,4.75,23,37.45,0,0,1,0,0,0,0,0,1,1,1,2,0
3,0,1,7.05,0,0,20.25,0,1,1,0,0,0,0,0,0,1,2,0
3,1,1,21.7,0,0,52.25,0,1,0,0,0,1,1,1,1,0,3,0
3,0,1,3.4,0,0,15.75,0,0,1,0,0,0,0,0,1,0,1,1
2,1,1,13.05,0,40.6,10.25,40.85,1,1,1,0,1,1,1,1,1,4,0
3,1,0,12.25,0,23.9,0,0,0,0,0,0,0,0,0,0,1,1,1
3,0,0,4.15,0,29.9,0,0,0,0,0,1,0,0,0,0,1,1,1
1,0,1,4.2,0,0,0,0,0,0,0,0,0,0,0,0,1,1,0
2,0,0,19.2,25.75,0,9.25,0,0,0,0,0,1,0,1,1,0,3,1
1,1,1,13.4,0,0,0,0,1,0,0,1,1,0,0,0,0,2,0
1,0,0,10.7,23,0,18.75,0,0,0,0,0,1,1,1,1,0,3,0
3,0,1,6.45,0,0,5.75,0,0,0,0,0,0,1,0,1,0,3,0
2,1,1,33.05,21.75,53.55,18.75,48.05,1,1,1,1,1,1,1,1,1,4,0
3,0,0,25.65,41.75,0,11.75,0,1,1,0,0,1,1,1,1,0,3,0
3,0,1,7.15,0,44.8,14.25,46.55,1,1,1,0,1,1,0,1,1,4,0
1,1,1,18.45,33.75,56.95,35.5,47.85,0,1,1,1,1,1,1,1,0,4,0
2,1,0,10.75,33.5,35.3,11,44.6,1,1,0,0,1,1,1,1,0,3,0
3,1,1,12.95,32.5,0,26.25,0,1,0,0,0,1,1,1,1,0,3,0
2,0,1,8.3,14.75,52,18,47,1,1,1,0,1,1,1,1,1,4,1
3,0,1,8.8,0,0,20.75,0,0,0,0,0,0,0,0,0,0,1,0
2,0,0,13.4,0,0,27.5,0,1,0,1,0,1,1,1,1,0,3,1
2,1,0,8.15,26.5,50.95,31.75,55.55,1,1,1,1,1,1,1,1,1,4,0
2,0,1,11,0,0,8.75,0,0,0,0,0,0,0,0,0,0,1,0
3,1,0,18.15,46.25,49.2,21.25,0,0,0,0,0,1,1,1,1,0,3,1
1,1,0,9.85,0,0,0,0,0,0,0,0,0,0,0,0,0,1,0
3,1,1,2.45,0,21.9,0,0,0,0,0,1,0,0,0,0,1,1,1
3,1,1,10.4,0,44,0,0,1,1,0,1,0,0,0,0,1,2,1
2,0,0,6.4,0,37.6,22.75,46.2,1,1,1,1,1,1,1,1,1,4,1
2,0,0,14.05,9.25,30.35,0,0,1,0,0,1,0,0,0,0,1,2,1
2,1,0,6.6,43.5,0,29.5,0,0,0,0,0,1,1,1,1,0,3,0
1,0,1,4.2,0,0,0,0,0,0,0,0,0,0,0,0,0,1,0
2,1,0,14.6,0,0,29.5,0,0,0,0,0,0,0,0,0,0,1,0
1,0,1,9.05,21.5,0,8,0,0,1,0,0,1,1,1,1,1,3,0
1,0,0,8.55,14.75,0,22,0,0,0,0,0,1,1,1,1,0,3,0
2,0,1,17.25,0,0,17.75,0,1,0,0,0,1,0,0,0,1,2,0
2,0,0,5.65,36.25,0,19.75,40.4,1,1,1,1,1,1,1,1,0,4,0
1,0,0,10.4,0,0,22.5,0,1,0,0,0,0,0,0,0,0,2,0
3,0,0,17.65,28.5,0,41,28.55,0,1,1,0,1,1,1,1,0,4,0
1,0,0,7.9,0,30.15,0,0,0,1,0,1,0,0,0,0,1,1,1
3,0,0,1.1,5.75,22.8,2.75,0,0,0,0,1,1,0,0,0,1,1,1
3,0,1,14,30.75,0,14.75,0,1,0,0,0,1,1,1,1,0,3,0
3,1,1,3.65,0,36.45,0,0,1,0,0,1,0,0,0,0,1,2,0
3,1,1,3.15,173,0,9.5,0,0,0,0,0,0,0,0,0,0,1,0
3,1,0,6.2,0,29.55,12.75,0,1,0,0,1,0,0,0,1,0,2,0
1,0,1,8.45,0,0,0,0,0,0,0,0,0,0,0,0,0,1,1
3,0,1,2.1,13.75,25.95,8.75,0,0,1,0,1,1,0,1,1,0,3,1
3,0,0,6.85,0,36.05,0,0,1,0,0,1,0,0,0,0,1,2,0
1,1,0,20.15,39.25,46.3,17.25,36.4,1,1,1,1,1,1,1,1,1,4,0
3,1,0,22.4,0,0,18.5,0,0,0,0,0,1,1,1,1,0,3,0
1,1,1,5.4,16,39.2,13.75,33.55,0,1,1,1,1,1,1,0,1,4,1
1,0,1,6.35,0,19.75,0,0,0,0,0,1,0,0,0,0,0,1,1
2,1,1,4.6,0,35.45,0,27.7,0,1,1,1,0,0,0,0,1,1,0
2,1,1,2.1,16.25,43.2,12.25,33.6,1,1,1,1,1,1,1,1,1,4,1
1,0,0,8.15,0,0,12,0,0,0,0,0,0,0,0,0,0,1,0
1,1,1,14.3,19.5,39.6,15.25,28.95,1,1,1,1,1,1,1,1,1,4,0
1,1,0,6.85,0,0,0,0,0,0,0,0,0,1,0,1,0,3,0
2,1,0,18.9,0,0,12,0,1,0,0,0,0,0,0,0,1,2,0
1,1,0,12.75,0,0,23.75,0,1,0,0,0,0,1,1,1,0,3,0
2,0,1,30.55,46.25,0,26.25,46.7,1,0,0,0,1,1,1,1,0,3,0
1,0,1,3.4,0,0,0,0,0,0,0,0,0,0,0,0,0,1,0
3,0,0,4.95,0,31.55,10.75,0,0,0,0,1,0,0,0,0,1,1,0
3,1,0,11.9,25.25,0,8.25,0,1,0,0,0,1,1,1,1,0,3,0
1,1,1,5.45,0,0,0,0,0,0,0,0,0,0,0,0,0,1,0
2,1,1,5.9,0,0,23,0,0,0,0,0,0,0,0,1,0,1,0
2,1,0,6.7,0,20.2,31.25,0,0,0,0,1,0,0,0,0,0,1,1
1,1,0,7.2,0,0,0,0,0,0,0,0,0,0,0,0,0,1,0
3,0,0,14.6,0,0,14.25,0,0,1,0,1,1,1,0,1,0,3,1
1,1,1,3.2,41,0,15.75,35.4,0,1,1,1,1,1,1,1,0,4,0
2,1,1,13.85,50.5,0,21,0,0,0,0,0,1,1,1,1,0,3,0
1,1,1,18.95,0,0,30.5,0,0,0,0,0,0,0,0,0,0,1,0
2,1,0,7.9,23,0,15.75,0,1,0,0,0,1,1,1,0,0,3,0
3,0,1,9.55,21.25,59.2,10,79.2,1,1,1,1,1,1,1,1,1,4,0
2,0,0,7.55,0,0,6.5,0,0,1,0,0,1,1,1,0,0,3,0
1,0,0,7.3,0,0,0,0,0,0,0,0,1,0,1,1,0,3,0
2,0,0,2.1,19.5,27.45,0,0,1,0,1,0,1,1,1,1,1,4,1
2,0,0,3.6,0,0,0,0,0,0,0,0,0,0,0,0,1,1,1
3,0,0,7,11,26.25,0,0,0,0,1,0,0,0,0,0,1,1,1
3,0,0,5.05,0,28.65,0,0,1,1,0,1,0,1,0,0,0,2,1
2,0,0,3.55,0,0,0,0,0,0,0,0,0,0,1,0,0,1,1
1,0,0,5.95,21.5,0,11.25,0,0,0,0,0,1,1,1,1,0,3,0
2,1,0,7.35,0,0,19.25,0,1,0,0,0,0,0,0,0,1,2,0
2,0,0,18.45,28.25,0,11,0,1,0,0,0,0,0,0,1,0,2,0
1,0,1,11.7,26,0,23.25,0,0,1,0,0,1,1,1,1,0,3,0
1,0,1,13.9,0,0,4.5,0,0,0,0,0,0,0,0,0,0,1,0
1,1,0,2.8,16.5,36,37.75,21.7,0,1,1,0,1,1,1,1,1,4,1
1,0,0,4.5,0,31.85,0,0,0,0,0,1,0,0,0,0,0,1,1
3,1,1,6.1,0,0,0,0,1,0,0,0,1,0,1,1,1,3,0
2,0,1,44.95,15.75,0,20,0,1,0,0,0,0,0,0,0,0,2,0
2,1,1,13.7,16.25,0,6.75,0,0,0,0,0,1,0,0,1,0,3,0
3,1,1,22.25,27.5,0,26.75,29.75,1,0,0,0,1,1,1,1,0,3,0
3,1,0,33.65,0,0,0,0,0,0,0,0,1,1,1,1,0,3,0
3,0,1,6.2,0,28.4,7.25,0,0,0,0,1,0,0,0,0,1,1,0
3,0,1,2.95,0,0,7.25,0,0,0,0,0,1,0,1,0,0,1,1
3,0,1,3.75,17,31.95,0,21.9,0,0,0,0,1,1,1,1,1,3,0
2,0,1,16.7,0,32.25,11.75,0,1,1,0,0,0,0,0,0,0,2,0
1,0,0,30.75,22.25,0,12.25,47.4,1,1,1,0,1,1,1,1,1,4,0
3,0,0,14.75,20.25,0,10.75,0,0,0,0,0,1,0,0,1,0,3,0
1,0,0,3.4,0,0,8.25,0,0,0,0,0,1,0,0,0,0,1,0
2,0,1,4.1,0,29.35,0,0,1,0,0,0,0,0,0,0,1,2,1
1,1,0,7.25,0,33.7,18.75,0,1,0,0,1,0,0,0,0,0,2,0
3,1,1,16.6,19,58.7,16.5,51.35,0,1,1,1,1,1,1,1,1,4,1
2,1,1,9.6,0,0,0,0,0,0,0,0,0,1,0,0,0,1,0
2,0,1,6.9,15.75,42.75,17.25,30.95,0,1,1,1,1,1,1,1,1,4,1
2,1,0,19.6,35.75,34.25,62,0,1,0,0,0,0,1,1,0,0,3,0
3,1,0,23.1,29.25,0,25.5,0,0,0,0,0,0,0,0,0,0,1,0
2,1,1,6.05,0,0,0,0,0,0,1,0,0,0,0,0,0,1,1
3,0,0,18.05,30.25,0,8.75,30.4,1,0,1,0,1,1,1,1,0,3,0
1,1,1,12.8,27.75,0,10.5,0,0,0,0,1,0,0,1,0,0,1,0
2,1,1,4.05,25.75,0,27.5,22.5,0,0,1,0,1,1,1,1,0,3,0
2,0,0,8.25,24.5,0,0,26.4,1,1,0,0,1,1,0,1,1,4,1
2,1,1,7.65,0,23.25,0,0,0,0,0,0,0,0,1,0,0,1,0
2,0,1,4.3,23,45.15,22.75,31.3,0,1,1,1,1,1,1,1,1,4,1
1,1,1,9.2,0,37.2,18.75,0,1,0,0,0,1,0,0,0,0,2,0
1,0,0,4.7,0,39.65,0,20.8,0,1,1,1,0,0,0,0,1,1,1
2,1,1,32.65,0,0,41.75,0,1,0,0,0,1,1,1,0,0,3,0
2,1,0,16.1,36,0,11,0,0,0,0,0,1,1,1,1,0,3,0
2,0,0,6,21.25,34.4,9.75,26.9,0,0,1,1,1,1,1,0,0,4,0
1,1,0,3.95,0,0,36.25,0,1,0,0,0,1,1,0,1,0,3,0
2,1,0,15.85,24.75,0,8.75,0,0,0,0,0,1,1,1,1,0,3,0
3,0,0,4.95,0,0,0,0,0,0,0,0,0,0,0,0,0,1,1
1,0,0,4.15,0,39.1,0,27.05,0,1,0,1,0,0,0,0,1,1,1
2,0,1,7.15,0,24.6,10,0,1,0,0,1,0,0,0,0,1,2,1
3,1,1,16.5,36,54.2,22.75,28.4,1,1,0,0,1,1,1,1,1,4,0
1,0,0,4.15,21.5,43.7,11.75,38.8,1,1,1,1,0,1,1,0,1,4,1
3,1,0,5.8,22.5,0,0,0,0,0,0,0,1,1,0,1,0,3,0
3,0,1,8.25,21.75,0,0,0,0,0,0,0,1,0,0,0,0,1,0
2,1,0,4.75,26.25,0,48.5,24.45,0,1,0,0,1,1,1,1,0,3,0
3,0,1,10.05,0,0,0,0,0,0,0,0,0,0,0,0,0,1,1
2,0,1,15.1,0,0,18.5,0,0,0,0,0,1,1,1,1,0,3,0
3,1,0,7.65,16,0,0,0,0,0,0,0,0,0,0,0,0,1,0
3,0,0,3.2,0,0,0,0,0,0,0,0,0,0,0,0,0,1,1
3,0,1,13.9,32,0,20.25,0,0,0,0,0,1,1,0,1,0,3,0
3,0,1,8.85,19.5,0,53.25,0,0,0,0,0,1,1,1,1,0,3,1
1,0,0,6.2,27.5,42.4,40,36.3,0,1,1,1,1,1,1,1,1,4,1
3,1,1,3.3,0,30.3,0,0,1,0,0,1,0,0,0,0,1,2,0
3,0,0,3.7,0,24.3,0,0,0,0,0,1,0,0,0,0,1,1,1
2,0,1,9.05,18.5,0,8.75,0,0,0,0,0,1,1,1,1,0,3,0
3,1,1,8.95,0,0,15.25,0,1,0,0,0,0,0,0,0,0,2,0
1,1,1,3.2,0,0,0,0,0,0,0,0,0,0,0,0,0,1,0
3,0,0,4.4,17.25,35.65,0,42.05,1,1,1,1,1,1,1,1,1,4,1
1,0,1,7.45,15.5,0,11.75,0,0,0,1,0,0,1,1,1,1,4,0
3,0,1,7.3,0,0,33.75,0,0,0,0,0,0,0,0,0,0,1,0
1,0,1,3,30.5,59.3,23.5,60.3,1,1,1,1,1,1,1,1,1,4,1
1,1,0,4.5,0,28.5,0,0,1,0,0,1,0,0,0,1,1,2,1
2,1,1,5.85,0,22.15,0,0,1,0,0,0,0,0,0,0,0,2,0
2,1,0,14.4,25.75,37.2,57.75,36.95,1,1,1,1,1,1,1,1,1,4,0
3,0,1,37.3,0,0,109.25,0,1,0,0,0,0,0,0,0,0,2,0
3,0,1,16.35,0,0,17,0,1,0,0,1,0,0,0,0,0,2,0
1,1,0,18.9,47.5,0,25,0,1,1,0,0,1,1,1,1,0,3,0
3,0,1,12.2,0,0,0,0,0,0,0,0,0,0,0,0,0,1,1
1,0,1,9.9,0,43.15,5.5,26.9,1,1,1,1,0,0,0,0,1,2,0
3,0,0,15.25,32.5,0,21.75,39.3,1,0,0,0,1,1,0,1,0,3,0
1,1,1,4.85,27.5,44.35,23.5,36.85,1,1,1,1,1,1,1,1,1,4,1
1,1,0,4.85,0,0,14.25,14.9,0,1,0,0,1,1,0,0,0,3,0
1,1,0,5.4,20.5,0,23,0,0,1,1,0,1,1,1,1,0,4,0
3,1,1,5.95,0,38.3,0,32,1,1,1,1,0,0,0,0,1,2,1
1,0,1,10.15,0,0,13.25,0,1,1,0,0,0,0,1,1,1,2,0
1,1,0,27,30,0,19.75,0,0,0,0,0,1,1,1,1,0,3,0
2,1,0,10.2,32.25,0,17.5,0,0,0,0,0,1,1,1,1,0,3,0
3,0,1,17.9,0,28,15.25,0,0,0,0,1,0,0,1,1,1,1,0
3,1,1,33.85,21.75,0,18.25,0,0,0,0,0,0,1,1,1,0,3,0
3,1,1,4,26.25,0,20.25,21.95,0,1,0,1,1,1,1,1,0,3,1
3,0,1,16.35,28,23.85,13.25,0,1,0,0,0,0,0,0,0,1,2,0
2,0,1,5.05,0,0,0,0,0,0,0,1,0,0,0,0,0,1,1
3,0,0,12.85,28.5,48.75,24,37.15,1,1,1,1,1,1,1,1,0,4,0
2,1,0,21.05,15.5,0,17.25,0,1,0,0,1,0,0,0,0,1,2,0
1,1,0,17.55,0,0,37,0,1,0,0,0,0,0,0,1,0,2,0
2,1,0,49.35,27,0,10.25,0,1,0,0,0,1,1,1,1,0,3,0
3,1,0,10.95,0,0,0,0,1,0,0,1,0,0,1,0,0,2,0
1,0,1,12.4,0,0,0,0,0,0,0,0,0,0,0,0,0,1,1
1,0,0,12.05,48.25,0,33,28.15,0,1,1,0,1,1,1,1,1,4,0
1,0,1,49.3,31.75,0,26,0,1,0,0,0,0,0,0,1,0,2,0
2,0,0,5.15,0,29.15,11.25,28.05,1,1,1,1,1,0,1,1,1,4,1
2,0,0,29.6,0,0,18,0,1,0,0,0,0,1,1,1,0,3,0
1,1,0,7.35,18.5,0,9.75,23,0,0,1,1,1,1,1,1,1,4,0
1,0,1,7.5,0,0,0,0,1,0,0,0,0,0,0,0,0,2,1
1,0,1,7.9,0,21.95,0,0,1,0,0,1,0,0,0,0,0,2,1
2,0,1,10.5,0,0,0,0,1,0,0,0,0,0,0,0,1,2,0
1,0,1,24.4,42.25,0,13.5,0,0,0,0,0,1,1,1,1,0,3,0
1,0,0,6.95,23.25,0,6.5,0,0,0,0,0,1,1,1,1,0,3,0
2,0,1,1.95,0,0,0,0,0,0,0,0,0,0,0,0,0,1,1
3,1,0,16.85,0,36.7,6.5,0,1,1,0,1,0,0,0,0,1,2,0
2,0,0,5.35,0,23.55,0,0,1,0,0,0,0,0,0,0,1,2,0
2,0,1,14.15,0,0,8,0,1,0,0,0,0,1,0,0,0,2,0
2,1,0,10.2,24.5,0,13.75,0,0,0,0,0,1,1,1,1,0,3,0
2,1,0,14.3,55.5,62.15,19.25,83.7,1,1,1,1,1,1,1,1,1,4,1
3,1,1,10.8,22.25,0,9.25,0,0,1,1,0,1,1,1,1,0,4,0
2,0,1,10.95,0,0,0,0,0,0,0,0,0,0,0,0,0,1,1
1,1,1,10.8,35.5,37.5,21,50.9,1,1,1,1,1,1,1,1,1,4,1
1,1,0,28.35,32.75,45.15,39.75,56.55,1,1,1,1,1,1,1,1,0,4,0
2,1,1,3.25,23,39.35,18.5,30.3,0,0,1,1,1,1,1,1,0,4,0
1,1,1,6.4,0,0,0,0,0,0,0,0,0,0,0,0,0,1,0
1,1,1,26.85,26,0,43,33.75,1,1,0,0,1,1,1,1,1,4,0
1,1,0,14.3,35.25,0,18.5,0,1,1,0,0,1,1,1,1,0,3,0
1,0,0,13.35,39.5,0,21,0,0,0,0,0,1,1,1,1,0,3,0
2,0,1,5.25,21.5,62.4,17,47.8,1,1,1,1,1,1,1,1,1,4,1
3,0,1,3.3,27.5,0,31,0,0,0,0,0,0,0,0,1,0,1,0
1,1,1,2.4,0,25.25,0,0,0,0,0,0,1,0,0,0,0,1,1
1,1,1,1.6,0,0,0,0,0,0,0,1,0,0,0,0,0,1,1
3,1,1,6.3,19.75,27.35,0,22.65,0,1,1,1,1,1,1,1,1,4,0
3,1,0,6.55,0,32.35,0,0,1,0,0,1,0,0,0,0,1,2,1
1,1,1,5.8,14.25,33.85,31.5,26.6,0,1,0,0,0,1,1,1,1,3,1
3,0,1,11.6,0,0,11.5,0,1,0,0,0,0,0,0,0,0,2,0
1,0,1,3.6,17.75,32.35,12,0,1,1,0,0,0,1,1,1,0,3,1
1,0,0,6.45,0,0,0,0,0,0,0,0,1,0,0,0,0,1,0
2,1,0,1.8,0,0,10,0,0,0,0,0,1,1,0,0,0,1,0
2,0,0,4.85,18,31.75,0,0,0,0,0,0,0,1,1,0,1,1,0
1,1,1,6.1,0,0,0,0,0,0,0,1,0,0,0,1,1,1,0
1,0,1,3.3,0,34.25,11.25,0,0,1,0,1,1,1,0,1,1,4,1
3,0,1,28.75,0,0,7.5,0,0,0,0,0,0,0,0,0,0,1,0
2,0,1,10.8,0,25,0,0,1,0,0,0,0,0,0,0,1,2,0
1,0,1,34.25,21,0,20,0,1,0,0,0,0,0,0,0,0,2,0
3,1,0,14.85,0,0,13,0,0,0,0,0,0,0,1,0,0,1,0
1,1,0,3.85,0,0,0,0,0,0,0,0,1,0,0,0,0,1,1
3,1,1,7.9,78.75,0,35,38.8,0,1,1,0,1,1,1,1,0,4,0
3,0,1,8.5,14.25,0,0,0,0,0,0,0,1,1,0,0,0,3,0
3,0,1,6.75,0,25.8,0,0,1,0,0,1,0,0,0,0,1,2,0
3,1,0,20.35,29,50.25,20.5,55.9,1,1,1,1,1,1,1,1,1,4,0
3,1,1,53.65,22.5,0,66.25,0,1,0,0,0,1,1,1,0,0,3,0
1,1,0,15,29.25,0,0,0,0,1,0,0,0,1,1,0,0,3,0
3,0,0,11.25,0,0,0,0,0,0,0,0,0,0,0,1,1,1,0
3,1,1,12.9,22.75,43.2,12,41.25,1,1,1,1,1,1,0,1,1,4,1
3,1,1,14.95,0,39.25,13.5,0,1,1,0,1,0,0,0,0,1,2,0
3,1,0,13.45,0,0,0,0,1,0,0,0,0,0,1,0,0,2,0
2,0,0,25.6,0,33,16,0,1,0,0,1,0,0,0,0,1,2,0
1,1,1,4.2,0,0,0,0,0,0,0,0,0,0,0,0,0,1,0
1,1,1,16.1,49,0,18.75,50.6,1,1,1,1,1,1,1,1,1,4,1
3,1,1,58.65,24,38.2,20.25,48.85,1,1,0,1,1,1,1,1,0,4,0
3,1,1,12.05,0,0,10.75,20.25,1,0,0,1,0,1,1,0,1,2,0
3,1,0,9.05,24.75,0,11.5,0,0,0,0,0,1,1,1,1,1,3,0
2,1,0,43.6,0,0,30,0,1,0,0,0,0,0,0,1,0,2,0
3,0,1,10.5,0,0,0,0,0,0,0,1,0,0,0,0,0,1,0
2,1,0,18.2,24.75,29.95,9.25,0,1,0,0,0,1,1,1,1,0,3,1
1,1,0,10.6,0,40.4,25.25,23.4,1,0,1,1,0,0,0,0,1,2,0
2,1,1,16.85,0,0,11.25,0,0,0,0,0,0,0,0,0,0,1,0
3,0,0,10.7,0,31.65,5.25,19.05,1,0,0,1,1,0,0,1,0,2,0
3,1,1,9.4,0,39.55,0,29.4,1,1,1,1,1,1,0,0,0,4,0
1,0,1,3.65,37,40.3,21.25,43.05,1,1,1,1,1,1,1,1,0,4,1
3,0,1,5.55,15.75,0,6.5,0,0,0,0,0,1,1,1,1,0,3,0
1,1,1,8.2,0,0,11,0,0,0,0,1,0,0,0,0,1,1,1
3,1,1,18.45,0,0,19,0,1,0,0,0,0,0,0,0,0,2,0
2,0,1,6.4,18,43.1,23.75,47.7,1,1,1,1,1,1,1,1,1,4,1
3,1,1,13.05,44.25,0,17,69.55,1,1,1,0,1,1,1,1,0,4,0
2,1,1,7.25,30.25,0,17.25,0,0,0,0,0,1,1,1,1,0,3,0
1,1,0,4.95,0,29.7,0,0,1,0,0,1,0,0,0,0,1,2,1
2,1,1,14.3,0,0,11.5,0,0,0,0,0,0,0,0,0,0,1,0
1,0,1,5.65,0,0,0,0,1,0,0,1,0,0,0,0,0,2,1
1,1,1,2.25,0,0,23.5,0,0,0,0,0,1,0,1,1,0,3,0
2,1,1,4.25,43.25,0,38.75,39.55,1,1,1,0,1,1,1,1,0,4,0
3,0,0,13.9,33.25,0,12.75,0,0,0,0,0,1,1,1,1,0,3,0
3,1,1,3.5,19.5,0,0,0,0,0,0,0,1,0,1,1,0,3,1
3,1,0,51.9,0,0,15.75,0,1,0,0,0,0,0,0,0,0,2,0
1,1,0,7.25,0,0,8.5,0,0,0,0,0,0,0,0,0,0,1,1
2,0,1,10,20.75,53.6,26.5,55.3,0,1,1,1,1,1,1,1,1,4,1
1,1,0,4.7,24.25,44.65,16.5,32.5,1,1,1,1,1,1,1,1,0,4,0
2,0,1,8.25,32.5,35.65,11,33.85,0,1,1,0,1,1,1,1,1,4,0
2,0,1,8.65,0,28.95,0,0,0,0,0,0,0,0,0,0,1,1,1
1,1,1,2.5,0,0,0,0,0,0,0,0,0,0,0,0,0,1,0
1,1,1,13.35,22.5,0,0,0,0,0,0,1,1,1,0,1,0,3,0
3,1,1,10.15,40,0,27.75,38.35,1,0,1,1,1,1,1,1,0,4,0
3,0,1,25.35,0,0,26.75,0,0,0,0,0,0,1,0,0,0,1,0
3,1,1,5.55,0,0,11.25,0,0,0,0,0,0,0,0,0,0,1,0
1,1,1,11.45,0,28.7,10.5,0,0,0,0,1,0,0,0,0,1,1,1
2,0,1,13.6,28.75,0,11.75,0,0,0,0,0,1,1,1,1,0,3,0
3,0,0,29.2,21.5,0,12.75,0,1,0,0,0,1,1,0,0,1,2,1
3,1,1,9.15,0,0,0,0,1,1,0,1,0,0,0,0,1,2,0
1,1,0,4.85,0,0,0,0,1,0,0,0,0,0,0,0,0,2,1
2,1,1,11.1,0,25.6,10.5,0,0,0,0,1,0,0,0,0,0,1,0
1,1,0,12.65,0,0,11.75,0,1,0,0,0,0,0,0,1,0,2,0
2,0,0,9.25,21,41.4,17.75,41,0,1,0,0,1,1,1,1,0,3,1
3,0,0,2.3,0,0,0,0,0,0,0,0,0,0,0,1,0,1,1
1,0,1,9.9,31.75,0,18,0,0,0,0,0,1,1,1,1,0,3,0
2,1,1,41.15,0,0,33.25,0,1,0,0,0,0,0,0,0,0,2,0
2,0,1,9.7,21.75,41.75,8.5,61.6,1,1,1,1,0,1,0,0,1,4,0
2,1,1,30.25,0,0,13.25,42.85,1,1,1,0,1,1,1,1,0,4,0
1,1,1,25,34.25,45,16,53,1,1,1,0,1,1,1,1,0,4,0
3,1,1,5.4,52,0,34,0,0,0,0,0,1,1,1,1,0,3,0
2,1,0,9.7,21.5,39.9,9.5,42.9,1,0,1,1,1,1,1,1,1,4,0
2,1,1,4.4,0,0,0,0,0,0,0,0,1,0,1,0,0,3,0
1,0,1,18.35,0,0,19,34.5,0,0,0,0,1,1,1,1,0,3,0
3,1,0,5.55,33.75,0,37.25,30,0,0,1,0,1,1,1,1,0,3,0
3,0,1,39.1,65,0,39.75,0,1,0,0,0,1,1,1,1,0,3,0
1,1,1,10,0,0,14,27.15,1,1,0,0,1,1,1,1,0,3,1
2,0,1,6.1,0,47,24.25,35.55,1,1,1,1,1,0,1,1,1,4,1
3,0,0,18.05,0,0,19,0,0,0,0,0,1,1,1,1,0,3,0
2,0,1,12.7,24.5,39.05,24.25,34.2,1,0,1,1,1,0,0,0,1,2,0
3,1,1,21.5,77.75,0,10.25,64.2,0,1,1,0,1,1,1,1,0,4,0
3,1,0,10.95,0,0,0,0,0,0,0,0,1,0,0,0,1,1,0
2,0,0,5.95,0,0,21.25,0,1,0,0,1,0,0,0,1,0,2,0
3,1,0,21.1,0,0,9.75,0,0,0,0,0,1,0,1,0,0,3,0
3,0,1,7.6,33.75,0,14.5,0,0,0,1,0,1,1,1,1,0,3,0
3,0,1,9.6,21.75,0,17.25,0,0,0,0,0,1,1,1,1,0,3,0
1,0,0,3.75,22.25,0,23.5,27.1,0,0,1,0,1,1,1,1,0,3,1
3,0,1,35.85,39.75,34.3,22.25,0,1,0,0,0,1,0,1,1,0,3,0
3,1,1,3.1,18.5,37.9,22.75,26.4,0,0,1,1,1,1,0,0,1,4,0
3,0,0,16.95,43,0,28.5,0,0,0,0,0,1,0,1,1,0,3,0
2,1,1,3.7,0,0,0,0,0,0,0,0,0,0,0,0,0,1,0
2,0,1,5.5,0,0,0,0,1,0,0,0,0,0,1,1,0,3,1
1,1,1,17.8,23.75,36.3,10.5,31.75,1,1,0,1,0,1,1,0,1,4,0
2,0,0,6.45,16.25,48.15,31,34.55,1,1,1,1,1,1,1,1,1,4,0
3,0,0,14.4,0,0,12,0,0,0,0,0,0,0,0,0,0,1,1
2,0,1,10.2,24.25,42.85,16,43.35,1,0,1,0,1,0,1,1,1,4,1
2,0,0,6.95,0,0,0,0,0,0,0,0,0,0,0,0,0,1,0
2,1,0,12.4,20.5,40.8,18.25,25.15,0,0,0,1,1,0,1,1,1,3,0
3,1,1,4.15,0,0,0,0,1,0,0,0,0,0,0,0,0,2,0
1,0,1,7.1,0,24.95,0,0,1,0,0,1,0,0,0,0,1,2,1
1,1,0,5.25,15.5,0,31.75,33.95,0,1,0,0,1,1,1,1,0,3,0
2,1,1,13.5,0,0,19,0,1,0,0,0,0,0,0,0,0,2,0
1,1,1,25.95,0,36.9,18.75,0,0,0,0,1,0,0,0,0,1,1,0
1,1,1,6.75,0,0,0,0,0,0,0,0,0,0,0,0,0,1,1
3,0,0,6.1,22.75,0,13.25,21.35,0,1,0,0,1,1,0,1,0,3,0
2,1,1,5.9,0,0,0,0,0,0,0,0,0,0,0,0,0,1,1
1,1,1,34.65,0,36.45,40.75,0,1,0,0,0,1,0,0,0,0,2,0
2,1,1,15.25,0,0,4.75,0,0,0,0,0,1,0,0,1,0,3,0
2,1,0,8.6,0,0,20.75,0,1,0,0,0,0,1,0,1,0,3,0
3,1,0,5.2,19.5,47.25,15.75,39.8,0,1,1,1,1,0,1,0,1,4,0
2,1,0,5.6,12,0,0,0,0,0,0,0,0,0,0,0,0,1,1
2,0,0,14.45,0,0,41.5,0,0,0,0,0,0,1,1,0,0,3,0
2,0,0,7.25,0,0,7.5,0,0,0,0,0,0,0,0,0,0,1,0
3,1,1,5.25,0,0,0,0,1,0,0,0,0,0,0,0,0,2,0
3,0,0,16.65,0,0,71,0,0,0,0,0,0,0,0,0,0,1,0
2,0,1,3.65,0,0,0,0,0,0,0,0,0,0,0,0,0,1,0
2,0,0,1.65,0,0,0,0,0,0,0,1,0,0,0,0,1,1,1
1,0,1,6.15,23.75,45.4,12.25,37.25,1,1,1,1,1,1,1,1,1,4,1
3,0,0,3.6,15.25,41,0,28.05,1,0,1,1,1,1,1,1,1,4,0
3,1,1,14.55,69.5,0,20.25,68.3,0,1,1,0,1,1,1,1,0,4,0
1,0,1,16.15,0,35.05,22,0,1,1,0,0,0,0,1,0,1,2,0
3,0,0,2,0,0,0,0,0,0,0,0,1,1,1,0,0,3,1
1,1,1,27,0,0,10.75,0,1,0,0,0,0,0,1,0,1,2,0
2,0,0,6.6,0,0,0,0,1,0,1,1,0,0,0,0,0,2,1
3,1,1,14.95,0,0,9.5,0,1,0,0,0,0,1,1,0,0,3,0
1,0,1,6.4,17.25,36.85,12.75,22,1,0,0,0,0,1,1,1,0,3,0
1,1,0,11.95,0,0,0,0,0,0,0,0,0,0,0,0,0,1,0
3,0,1,7.1,15,0,12.75,0,0,0,0,0,1,1,1,0,0,3,1
3,0,0,15.25,0,57.45,28.5,67,1,1,1,1,1,1,1,1,1,4,0
3,1,1,5.05,0,0,0,0,0,0,0,0,0,0,0,0,1,1,1
3,0,1,7.2,0,0,4.75,0,1,0,0,0,0,0,0,0,1,2,0
2,1,1,8.4,17.5,24.8,0,0,0,0,0,0,1,1,0,1,0,3,1
3,1,1,10.8,58.75,63.25,37.75,109.7,1,1,1,1,1,1,1,1,1,4,1
3,0,1,15.1,36.25,39.9,24,48.8,1,1,1,1,1,1,1,1,1,4,1
3,1,0,27.35,0,0,13.25,0,1,0,0,0,0,0,0,0,0,2,0
3,0,0,1.95,0,0,27.5,21.5,0,1,0,1,1,1,1,1,1,4,0
2,1,0,5.05,0,0,8.5,0,0,0,0,0,0,0,0,0,0,1,0
3,1,1,6.45,19,0,17,0,0,1,1,0,1,1,1,1,0,4,0
2,1,0,8.5,20,0,13,0,0,0,0,0,1,1,1,0,0,3,0
3,0,1,20.55,0,0,20.75,0,1,0,0,0,0,0,0,0,0,2,0
1,0,0,3.85,19.25,38.35,7,17.7,1,1,1,1,0,1,0,0,1,4,1
3,0,1,38.9,62.5,0,62,0,0,0,0,0,1,1,1,1,0,3,0
2,1,1,10.7,33,0,27.5,29.4,1,1,0,0,1,1,1,1,0,3,1
3,1,0,33.95,0,0,24.25,0,1,0,0,0,0,0,0,0,0,2,0
3,0,0,6,0,0,0,0,0,0,0,0,0,0,0,0,0,1,0
3,1,1,34.95,28.75,0,36,0,1,0,0,0,0,1,1,1,0,3,0
1,0,0,12.6,9.5,0,6.75,0,0,0,0,0,1,0,1,0,0,3,0
1,1,0,4.45,17,0,13.75,0,0,0,0,0,1,1,1,0,0,3,0
1,0,1,5.45,17.75,44.85,13.5,33.9,0,0,1,0,1,1,1,1,1,4,1
3,1,1,5.6,0,0,12.25,0,1,0,0,1,0,0,0,0,1,2,0
1,1,1,8.45,0,34.35,14.5,34.1,1,1,0,1,0,0,1,1,1,4,0
1,1,0,13.8,31.75,43.65,18.75,66,1,1,1,1,1,1,1,1,0,4,0
2,0,0,7.6,15.25,0,9.75,0,0,0,0,1,1,1,1,0,1,3,0
2,0,0,5,11.75,0,0,0,1,0,0,1,0,0,0,0,1,2,0
2,1,1,7.8,0,0,0,24.65,1,0,0,1,1,1,1,1,0,3,0
2,0,1,11.05,17.25,0,5.5,29.15,1,0,0,0,1,1,1,0,0,3,0
2,0,0,4.1,14,39.15,0,31.8,0,1,1,1,0,0,1,0,0,4,0
2,1,1,6.05,23.5,36.25,20.5,37.85,0,1,1,1,1,0,1,1,1,4,0
2,0,1,10.3,0,37.6,15.25,0,1,0,0,1,0,0,0,0,0,2,1
3,1,1,9,21.25,50.75,57.25,57,1,1,1,1,1,1,1,1,1,4,1
1,1,0,12.15,31.75,0,16.25,0,1,1,1,1,1,1,1,1,1,4,0
3,1,1,12.65,0,35.1,46.75,29.15,1,0,0,1,0,0,0,0,0,2,1
2,0,0,13,0,0,0,0,0,1,0,0,1,1,1,1,0,3,0
3,0,1,3.35,21,42.4,17.5,59.55,0,1,1,1,1,1,1,1,1,4,1
1,1,1,14.3,0,29.25,25.25,0,1,0,0,1,0,0,0,0,1,2,0
2,0,1,4.65,0,26.65,0,0,0,0,0,0,0,0,0,1,1,1,0
2,1,1,5.95,0,26.55,0,0,1,0,0,1,0,0,0,0,0,2,1
1,0,0,7.1,16,38.5,18,23.5,1,1,0,1,0,0,0,1,1,2,0
2,0,0,2.75,15.75,29.5,9.25,28.55,1,1,1,0,0,0,1,0,1,4,1
2,0,1,4.75,0,0,0,0,1,1,0,1,1,1,1,0,1,4,0
3,1,0,3.1,16.5,35.25,25.5,40.3,0,1,1,1,1,1,1,1,0,4,1
3,0,1,7.3,29.5,51.2,22,62.8,1,1,1,1,1,1,1,1,1,4,1
1,1,0,10.4,0,0,25.75,0,0,0,0,0,0,0,0,0,0,1,0
2,0,1,10.5,25,0,8.25,0,0,0,1,0,0,0,0,0,1,1,0
2,1,1,3.95,0,0,12,0,0,0,0,0,0,0,0,0,0,1,0
2,0,0,5.6,9,0,0,0,0,0,0,0,1,0,0,1,0,1,0
2,1,0,7.1,0,0,0,0,0,0,0,0,0,0,0,0,1,1,0
1,1,0,16.1,0,0,0,0,1,0,0,0,0,0,0,0,1,2,0
3,0,1,4.7,19,0,9.25,0,0,0,0,0,1,1,1,1,0,3,0
2,0,0,3.85,0,0,0,0,0,0,0,0,0,0,0,0,0,1,0
3,0,1,22.05,18.75,0,7.5,24.95,1,0,0,0,1,1,1,1,0,3,0
3,0,0,6.95,21.25,37.95,0,36.65,1,1,1,1,0,1,1,1,1,4,1
2,0,1,9.2,0,30.45,0,0,1,0,0,0,1,0,0,0,1,2,1
2,0,1,3.15,10.75,0,0,0,0,0,0,0,0,0,0,0,0,1,0
2,1,1,17.3,25.75,0,23,37.4,1,0,1,0,1,1,1,1,0,3,0
1,1,1,17.8,44.25,0,32,0,1,1,0,0,1,1,1,1,0,3,0
1,1,1,14.15,0,34.2,9.5,0,1,1,0,1,0,0,0,0,1,2,0
3,0,0,14.85,57.5,0,15,39.5,1,0,1,0,1,1,1,1,0,3,0
1,0,1,31.9,53.25,0,16.5,0,1,0,0,0,1,1,1,1,0,3,0
1,1,1,12.85,24.25,49.2,14.25,42.85,1,1,1,0,1,1,1,1,1,4,0
3,0,1,1.45,0,25.25,0,0,0,0,0,1,0,0,0,0,1,1,1
3,0,0,7.4,0,35.4,0,0,1,1,0,1,1,0,1,0,1,4,1
3,1,1,62.3,0,35.65,65.25,0,1,0,0,0,1,1,0,0,1,2,0
2,1,0,25.2,0,0,36.25,0,0,0,0,0,1,0,1,0,0,3,1
2,0,0,7.65,28,0,18.5,0,0,0,1,0,1,1,1,1,0,3,0
1,1,1,9.55,20.5,0,34.75,0,0,1,0,0,1,1,1,1,0,3,1
2,0,1,8.7,0,47.15,11.75,47.5,1,1,0,1,1,0,0,1,1,4,0
3,0,0,15.7,0,0,8.5,0,0,0,0,0,0,1,0,0,0,1,0
2,1,1,4.8,28,0,19,0,0,1,0,0,1,1,1,1,0,3,1
3,1,0,4.25,29,0,12,0,0,0,0,0,1,1,1,1,0,3,0
2,1,0,7.05,27.5,0,17.5,0,0,1,1,0,1,1,1,1,0,4,0
2,0,1,43.25,50.5,0,19.25,44.9,1,0,1,1,1,1,1,0,0,4,0
2,0,0,2.8,22.75,0,13.75,30.2,0,1,1,1,1,1,1,1,0,4,1
2,1,0,21.95,40.25,0,25.75,21.8,1,0,0,0,1,1,1,1,0,3,0
1,1,1,5.95,25.75,45.4,16.75,37.7,1,0,1,1,1,1,1,1,1,4,0
1,1,1,4.55,16,0,19.25,27.05,0,0,0,1,1,0,1,0,1,1,0
3,0,0,6.5,0,0,14.5,0,0,0,0,0,0,0,0,0,0,1,0
1,0,1,17.35,35,0,29.25,0,0,0,0,0,1,1,0,1,0,3,0
2,0,0,3.75,0,0,15.75,0,0,1,0,1,0,1,0,0,0,1,1
3,0,0,7.85,20.25,0,14,0,0,0,0,0,1,1,1,1,0,3,1
1,0,1,4.85,0,0,0,0,0,0,0,0,0,0,0,0,1,1,0
2,1,1,9.95,0,28.65,23.5,0,1,0,0,1,0,0,0,0,1,2,1
2,1,1,16.4,38.25,0,55.5,57.05,1,1,1,1,1,1,1,1,1,4,1
2,1,1,10.55,0,31.95,32.75,23.65,0,1,0,0,1,0,0,1,0,3,0
1,1,0,23.9,27.5,0,15,0,1,0,0,0,1,1,1,1,0,3,0
1,1,1,4.3,23.25,51.6,0,60.35,1,1,1,1,1,1,0,1,1,4,1
1,1,0,10.2,26.5,40.2,11.5,23.2,0,0,0,0,1,1,1,1,1,3,0
3,1,0,10.3,0,0,14.25,0,1,0,1,1,0,0,0,0,0,2,0
1,1,1,32.65,33,54,29.25,50.65,1,1,1,1,1,1,1,1,0,4,0
2,1,0,6.85,0,42.1,0,25.15,1,0,0,1,0,1,0,1,1,2,0
3,0,0,5.1,0,27.15,0,0,0,0,0,0,0,0,0,0,1,1,0
3,1,0,7.55,16.25,0,10.25,0,0,1,1,1,1,1,1,1,1,4,0
1,0,0,11.95,0,0,28.25,0,0,0,0,0,0,0,1,1,0,3,0
3,0,1,4.95,32,53.25,35.75,50.45,1,1,1,1,1,1,1,1,1,4,0
2,0,0,3.85,28,37.65,9,41.4,1,1,1,0,1,1,1,1,1,4,0
3,0,0,30.9,0,0,19.75,0,0,0,0,0,0,0,1,0,0,1,0
3,1,1,5,0,0,0,0,0,0,0,0,0,0,0,0,0,1,0
3,0,1,1.9,20.75,0,15.5,0,0,0,0,0,1,1,1,1,0,3,0
2,0,0,10.1,39,0,18,0,0,0,1,0,1,1,1,1,0,3,0
3,1,0,17.6,22,0,21.75,0,0,1,0,0,1,1,1,1,0,3,0
3,0,0,3.6,12.5,28.5,0,19.3,0,1,0,0,0,1,1,0,1,1,1
2,1,1,14.65,0,0,41.25,0,0,0,0,0,0,0,0,0,0,1,0
3,1,0,12.25,0,0,0,0,1,0,0,1,0,1,0,0,1,2,0
1,1,0,9.45,0,29.2,0,0,0,0,1,0,0,0,0,0,1,1,0
3,0,1,5.4,38.75,0,17.75,50.2,0,1,1,1,1,1,1,1,1,4,1
3,1,0,20.7,34.75,48.65,32.25,48.65,1,1,1,1,1,1,1,1,0,4,0
1,1,0,4.75,0,46.3,21.75,37.7,1,1,1,1,1,1,1,1,1,4,1
1,0,1,5.8,27.75,33.75,30.75,25.9,0,1,0,0,1,1,1,1,0,3,1
3,1,1,3.15,0,0,0,0,0,0,0,0,0,0,0,0,0,1,0
2,0,0,12.7,38.25,0,33.75,0,0,0,0,0,1,1,1,1,0,3,0
3,0,1,10.2,0,0,0,0,0,0,0,0,0,0,0,0,0,1,0
2,1,1,3.1,0,21.35,0,0,0,0,0,0,0,0,0,0,1,1,1
1,0,0,12.1,0,0,15.75,0,0,0,0,0,1,0,1,1,0,3,0
3,0,0,32.55,35.5,0,14.75,40.75,1,0,0,0,1,1,1,1,0,3,0
3,0,1,16.1,14,0,11.75,0,0,0,0,0,0,1,1,1,0,3,0
2,0,0,15.1,0,0,7.5,0,1,0,0,1,0,0,0,1,0,2,0
1,1,0,8.8,37.75,0,22,0,0,0,0,0,1,1,1,1,0,3,0
3,0,0,20.25,0,0,37.75,0,0,0,0,0,0,0,0,0,1,1,0
3,1,1,15.2,0,0,14.25,0,0,0,0,1,0,0,0,0,0,1,0
2,0,1,17.35,24.5,0,14.25,0,0,0,0,0,0,0,1,1,0,3,0
2,0,0,5.2,18.5,0,0,0,1,1,0,0,0,1,0,0,0,2,1
3,0,0,4.2,0,34.05,0,16.85,0,1,0,1,0,0,0,1,1,1,1
2,1,1,6,28,0,12.75,0,0,0,0,0,0,1,1,1,0,3,0
3,1,1,4.9,14.5,0,0,0,0,0,0,0,0,0,0,0,0,1,0
3,0,0,3.85,23.75,0,12.5,0,0,0,0,0,1,1,1,1,0,3,0
3,0,0,8.7,47.75,0,32.75,64,0,1,1,1,1,1,1,1,1,4,1
2,1,1,2.55,23.5,29.6,10.75,19.2,0,1,1,0,1,0,1,1,0,4,1
1,0,0,3.65,0,34.2,29,0,0,1,0,1,1,0,1,1,1,4,1
1,1,0,39,31.25,0,14.75,0,1,0,0,0,0,0,0,1,1,2,0
1,0,1,7.5,20.25,0,0,0,1,0,0,0,1,1,0,0,0,3,1
1,0,0,15,45.25,0,52.75,0,0,0,0,0,1,1,1,1,0,3,0
2,1,1,16.85,0,42.55,26.5,44.1,1,0,0,1,0,0,1,0,1,2,0
1,1,0,4.95,19,0,13.5,0,0,0,0,1,1,0,1,1,0,3,0
3,1,1,5.2,23.5,0,23.75,39.25,0,0,1,0,1,1,1,1,1,4,1
1,1,0,3.7,16.5,42.5,0,33.1,1,1,1,1,1,0,1,1,1,4,1
3,0,1,3,0,29.05,0,0,0,0,0,0,0,0,0,0,1,1,0
1,0,1,4.65,0,25.6,0,0,0,0,0,0,0,0,0,0,0,1,0
3,0,1,26.75,32,54.55,35.75,65.8,1,1,1,1,1,1,1,1,1,4,0
3,0,1,25.6,33.5,0,25.25,0,0,1,0,0,1,1,1,1,0,3,0
3,1,1,13.15,0,33.6,16.25,0,1,0,0,1,0,0,0,0,1,2,1
